"Project","ScanDate","DependencyName","DependencyPath","Description","License","Md5","Sha1","Identifiers","CPE","CVE","CWE","Vulnerability","Source","CVSSv2_Severity","CVSSv2_Score","CVSSv2","CVSSv3_BaseSeverity","CVSSv3_BaseScore","CVSSv3","CVSSv4_BaseSeverity","CVSSv4_BaseScore","CVSSv4","CPE Confidence","Evidence Count","VendorProject","Product","Name","DateAdded","ShortDescription","RequiredAction","DueDate","Notes"
dependency-check scan: /home/xcesco/projects/log4shell-vulnerable-app,"Sun, 9 Nov 2025 20:36:42 GMT",vulnerable-app-0.0.1-SNAPSHOT.jar: jackson-databind-2.13.0.jar,/src/target/vulnerable-app-0.0.1-SNAPSHOT.jar/BOOT-INF/lib/jackson-databind-2.13.0.jar,General data-binding functionality for Jackson: works on core streaming API,"The Apache Software License, Version 2.0: http://www.apache.org/licenses/LICENSE-2.0.txt",309228a89a5a9da89174114b1e681def,889672a1721d6d85b2834fcd29d3fda92c8c8891,pkg:maven/com.fasterxml.jackson.core/jackson-databind@2.13.0,"cpe:2.3:a:fasterxml:jackson-databind:2.13.0:*:*:*:*:*:*:*, cpe:2.3:a:fasterxml:jackson-modules-java8:2.13.0:*:*:*:*:*:*:*",CVE-2020-36518,CWE-787 Out-of-bounds Write,jackson-databind before 2.13.0 allows a Java StackOverflow exception and denial of service via a large depth of nested objects.,NVD,MEDIUM,5.0,/AV:N/AC:L/Au:N/C:N/I:N/A:P,HIGH,7.5,CVSS:3.1/AV:N/AC:L/PR:N/UI:N/S:U/C:N/I:N/A:H/E:3.9/RC:R/MAV:A,"","","",HIGH,42,"","","","","","","",""
dependency-check scan: /home/xcesco/projects/log4shell-vulnerable-app,"Sun, 9 Nov 2025 20:36:42 GMT",vulnerable-app-0.0.1-SNAPSHOT.jar: jackson-databind-2.13.0.jar,/src/target/vulnerable-app-0.0.1-SNAPSHOT.jar/BOOT-INF/lib/jackson-databind-2.13.0.jar,General data-binding functionality for Jackson: works on core streaming API,"The Apache Software License, Version 2.0: http://www.apache.org/licenses/LICENSE-2.0.txt",309228a89a5a9da89174114b1e681def,889672a1721d6d85b2834fcd29d3fda92c8c8891,pkg:maven/com.fasterxml.jackson.core/jackson-databind@2.13.0,"cpe:2.3:a:fasterxml:jackson-databind:2.13.0:*:*:*:*:*:*:*, cpe:2.3:a:fasterxml:jackson-modules-java8:2.13.0:*:*:*:*:*:*:*",CVE-2021-46877,CWE-770 Allocation of Resources Without Limits or Throttling,jackson-databind 2.10.x through 2.12.x before 2.12.6 and 2.13.x before 2.13.1 allows attackers to cause a denial of service (2 GB transient heap usage per read) in uncommon situations involving JsonNode JDK serialization.,NVD,"","","",HIGH,7.5,CVSS:3.1/AV:N/AC:L/PR:N/UI:N/S:U/C:N/I:N/A:H/E:3.9/RC:R/MAV:A,"","","",HIGH,42,"","","","","","","",""
dependency-check scan: /home/xcesco/projects/log4shell-vulnerable-app,"Sun, 9 Nov 2025 20:36:42 GMT",vulnerable-app-0.0.1-SNAPSHOT.jar: jackson-databind-2.13.0.jar,/src/target/vulnerable-app-0.0.1-SNAPSHOT.jar/BOOT-INF/lib/jackson-databind-2.13.0.jar,General data-binding functionality for Jackson: works on core streaming API,"The Apache Software License, Version 2.0: http://www.apache.org/licenses/LICENSE-2.0.txt",309228a89a5a9da89174114b1e681def,889672a1721d6d85b2834fcd29d3fda92c8c8891,pkg:maven/com.fasterxml.jackson.core/jackson-databind@2.13.0,"cpe:2.3:a:fasterxml:jackson-databind:2.13.0:*:*:*:*:*:*:*, cpe:2.3:a:fasterxml:jackson-modules-java8:2.13.0:*:*:*:*:*:*:*",CVE-2022-42003,CWE-502 Deserialization of Untrusted Data,"In FasterXML jackson-databind before versions 2.13.4.1 and 2.12.17.1, resource exhaustion can occur because of a lack of a check in primitive value deserializers to avoid deep wrapper array nesting, when the UNWRAP_SINGLE_VALUE_ARRAYS feature is enabled.",NVD,"","","",HIGH,7.5,CVSS:3.1/AV:N/AC:L/PR:N/UI:N/S:U/C:N/I:N/A:H/E:3.9/RC:R/MAV:A,"","","",HIGH,42,"","","","","","","",""
dependency-check scan: /home/xcesco/projects/log4shell-vulnerable-app,"Sun, 9 Nov 2025 20:36:42 GMT",vulnerable-app-0.0.1-SNAPSHOT.jar: jackson-databind-2.13.0.jar,/src/target/vulnerable-app-0.0.1-SNAPSHOT.jar/BOOT-INF/lib/jackson-databind-2.13.0.jar,General data-binding functionality for Jackson: works on core streaming API,"The Apache Software License, Version 2.0: http://www.apache.org/licenses/LICENSE-2.0.txt",309228a89a5a9da89174114b1e681def,889672a1721d6d85b2834fcd29d3fda92c8c8891,pkg:maven/com.fasterxml.jackson.core/jackson-databind@2.13.0,"cpe:2.3:a:fasterxml:jackson-databind:2.13.0:*:*:*:*:*:*:*, cpe:2.3:a:fasterxml:jackson-modules-java8:2.13.0:*:*:*:*:*:*:*",CVE-2022-42004,CWE-502 Deserialization of Untrusted Data,"In FasterXML jackson-databind before 2.13.4, resource exhaustion can occur because of a lack of a check in BeanDeserializer._deserializeFromArray to prevent use of deeply nested arrays. An application is vulnerable only with certain customized choices for deserialization.",NVD,"","","",HIGH,7.5,CVSS:3.1/AV:N/AC:L/PR:N/UI:N/S:U/C:N/I:N/A:H/E:3.9/RC:R/MAV:A,"","","",HIGH,42,"","","","","","","",""
dependency-check scan: /home/xcesco/projects/log4shell-vulnerable-app,"Sun, 9 Nov 2025 20:36:42 GMT",vulnerable-app-0.0.1-SNAPSHOT.jar: jackson-databind-2.13.0.jar,/src/target/vulnerable-app-0.0.1-SNAPSHOT.jar/BOOT-INF/lib/jackson-databind-2.13.0.jar,General data-binding functionality for Jackson: works on core streaming API,"The Apache Software License, Version 2.0: http://www.apache.org/licenses/LICENSE-2.0.txt",309228a89a5a9da89174114b1e681def,889672a1721d6d85b2834fcd29d3fda92c8c8891,pkg:maven/com.fasterxml.jackson.core/jackson-databind@2.13.0,"cpe:2.3:a:fasterxml:jackson-databind:2.13.0:*:*:*:*:*:*:*, cpe:2.3:a:fasterxml:jackson-modules-java8:2.13.0:*:*:*:*:*:*:*",CVE-2023-35116,CWE-770 Allocation of Resources Without Limits or Throttling,"jackson-databind through 2.15.2 allows attackers to cause a denial of service or other unspecified impact via a crafted object that uses cyclic dependencies. NOTE: the vendor's perspective is that this is not a valid vulnerability report, because the steps of constructing a cyclic data structure and trying to serialize it cannot be achieved by an external attacker.",NVD,"","","",MEDIUM,4.7,CVSS:3.1/AV:L/AC:H/PR:L/UI:N/S:U/C:N/I:N/A:H/E:1.0/RC:R/MAV:A,"","","",HIGH,42,"","","","","","","",""
dependency-check scan: /home/xcesco/projects/log4shell-vulnerable-app,"Sun, 9 Nov 2025 20:36:42 GMT",vulnerable-app-0.0.1-SNAPSHOT.jar: log4j-core-2.14.1.jar,/src/target/vulnerable-app-0.0.1-SNAPSHOT.jar/BOOT-INF/lib/log4j-core-2.14.1.jar,The Apache Log4j Implementation,https://www.apache.org/licenses/LICENSE-2.0.txt,948dda787593340a7af1a18e328b7b7f,9141212b8507ab50a45525b545b39d224614528b,pkg:maven/org.apache.logging.log4j/log4j-core@2.14.1,cpe:2.3:a:apache:log4j:2.14.1:*:*:*:*:*:*:*,CVE-2021-44228,"CWE-400 Uncontrolled Resource Consumption, CWE-502 Deserialization of Untrusted Data, CWE-20 Improper Input Validation, CWE-917 Improper Neutralization of Special Elements used in an Expression Language Statement ('Expression Language Injection')","Apache Log4j2 2.0-beta9 through 2.15.0 (excluding security releases 2.12.2, 2.12.3, and 2.3.1) JNDI features used in configuration, log messages, and parameters do not protect against attacker controlled LDAP and other JNDI related endpoints. An attacker who can control log messages or log message parameters can execute arbitrary code loaded from LDAP servers when message lookup substitution is enabled. From log4j 2.15.0, this behavior has been disabled by default. From version 2.16.0 (along with 2.12.2, 2.12.3, and 2.3.1), this functionality has been completely removed. Note that this vulnerability is specific to log4j-core and does not affect log4net, log4cxx, or other Apache Logging Services projects.",NVD,HIGH,9.3,/AV:N/AC:M/Au:N/C:C/I:C/A:C,CRITICAL,10.0,CVSS:3.1/AV:N/AC:L/PR:N/UI:N/S:C/C:H/I:H/A:H/E:3.9/RC:R/MAV:A,"","","",HIGH,45,Apache,Log4j2,Apache Log4j2 Remote Code Execution Vulnerability,2021-12-10,"Apache Log4j2 contains a vulnerability where JNDI features do not protect against attacker-controlled JNDI-related endpoints, allowing for remote code execution.","For all affected software assets for which updates exist, the only acceptable remediation actions are: 1) Apply updates; OR 2) remove affected assets from agency networks. Temporary mitigations using one of the measures provided at https://www.cisa.gov/uscert/ed-22-02-apache-log4j-recommended-mitigation-measures are only acceptable until updates are available.",2021-12-24,https://nvd.nist.gov/vuln/detail/CVE-2021-44228
dependency-check scan: /home/xcesco/projects/log4shell-vulnerable-app,"Sun, 9 Nov 2025 20:36:42 GMT",vulnerable-app-0.0.1-SNAPSHOT.jar: log4j-core-2.14.1.jar,/src/target/vulnerable-app-0.0.1-SNAPSHOT.jar/BOOT-INF/lib/log4j-core-2.14.1.jar,The Apache Log4j Implementation,https://www.apache.org/licenses/LICENSE-2.0.txt,948dda787593340a7af1a18e328b7b7f,9141212b8507ab50a45525b545b39d224614528b,pkg:maven/org.apache.logging.log4j/log4j-core@2.14.1,cpe:2.3:a:apache:log4j:2.14.1:*:*:*:*:*:*:*,CVE-2021-45046,CWE-917 Improper Neutralization of Special Elements used in an Expression Language Statement ('Expression Language Injection'),"It was found that the fix to address CVE-2021-44228 in Apache Log4j 2.15.0 was incomplete in certain non-default configurations. This could allows attackers with control over Thread Context Map (MDC) input data when the logging configuration uses a non-default Pattern Layout with either a Context Lookup (for example, $${ctx:loginId}) or a Thread Context Map pattern (%X, %mdc, or %MDC) to craft malicious input data using a JNDI Lookup pattern resulting in an information leak and remote code execution in some environments and local code execution in all environments. Log4j 2.16.0 (Java 8) and 2.12.2 (Java 7) fix this issue by removing support for message lookup patterns and disabling JNDI functionality by default.",NVD,MEDIUM,5.1,/AV:N/AC:H/Au:N/C:P/I:P/A:P,CRITICAL,9.0,CVSS:3.1/AV:N/AC:H/PR:N/UI:N/S:C/C:H/I:H/A:H/E:2.2/RC:R/MAV:A,"","","",HIGH,45,Apache,Log4j2,Apache Log4j2 Deserialization of Untrusted Data Vulnerability,2023-05-01,"Apache Log4j2 contains a deserialization of untrusted data vulnerability due to the incomplete fix of CVE-2021-44228, where the Thread Context Lookup Pattern is vulnerable to remote code execution in certain non-default configurations.",Apply updates per vendor instructions.,2023-05-22,https://logging.apache.org/log4j/2.x/security.html; https://nvd.nist.gov/vuln/detail/CVE-2021-45046
dependency-check scan: /home/xcesco/projects/log4shell-vulnerable-app,"Sun, 9 Nov 2025 20:36:42 GMT",vulnerable-app-0.0.1-SNAPSHOT.jar: log4j-core-2.14.1.jar,/src/target/vulnerable-app-0.0.1-SNAPSHOT.jar/BOOT-INF/lib/log4j-core-2.14.1.jar,The Apache Log4j Implementation,https://www.apache.org/licenses/LICENSE-2.0.txt,948dda787593340a7af1a18e328b7b7f,9141212b8507ab50a45525b545b39d224614528b,pkg:maven/org.apache.logging.log4j/log4j-core@2.14.1,cpe:2.3:a:apache:log4j:2.14.1:*:*:*:*:*:*:*,CVE-2021-44832,"CWE-20 Improper Input Validation, CWE-74 Improper Neutralization of Special Elements in Output Used by a Downstream Component ('Injection')","Apache Log4j2 versions 2.0-beta7 through 2.17.0 (excluding security fix releases 2.3.2 and 2.12.4) are vulnerable to a remote code execution (RCE) attack when a configuration uses a JDBC Appender with a JNDI LDAP data source URI when an attacker has control of the target LDAP server. This issue is fixed by limiting JNDI data source names to the java protocol in Log4j2 versions 2.17.1, 2.12.4, and 2.3.2.",NVD,HIGH,8.5,/AV:N/AC:M/Au:S/C:C/I:C/A:C,MEDIUM,6.6,CVSS:3.1/AV:N/AC:H/PR:H/UI:N/S:U/C:H/I:H/A:H/E:0.7/RC:R/MAV:A,"","","",HIGH,45,"","","","","","","",""
dependency-check scan: /home/xcesco/projects/log4shell-vulnerable-app,"Sun, 9 Nov 2025 20:36:42 GMT",vulnerable-app-0.0.1-SNAPSHOT.jar: log4j-core-2.14.1.jar,/src/target/vulnerable-app-0.0.1-SNAPSHOT.jar/BOOT-INF/lib/log4j-core-2.14.1.jar,The Apache Log4j Implementation,https://www.apache.org/licenses/LICENSE-2.0.txt,948dda787593340a7af1a18e328b7b7f,9141212b8507ab50a45525b545b39d224614528b,pkg:maven/org.apache.logging.log4j/log4j-core@2.14.1,cpe:2.3:a:apache:log4j:2.14.1:*:*:*:*:*:*:*,CVE-2021-45105,"CWE-20 Improper Input Validation, CWE-674 Uncontrolled Recursion","Apache Log4j2 versions 2.0-alpha1 through 2.16.0 (excluding 2.12.3 and 2.3.1) did not protect from uncontrolled recursion from self-referential lookups. This allows an attacker with control over Thread Context Map data to cause a denial of service when a crafted string is interpreted. This issue was fixed in Log4j 2.17.0, 2.12.3, and 2.3.1.",NVD,MEDIUM,4.3,/AV:N/AC:M/Au:N/C:N/I:N/A:P,MEDIUM,5.9,CVSS:3.1/AV:N/AC:H/PR:N/UI:N/S:U/C:N/I:N/A:H/E:2.2/RC:R/MAV:A,"","","",HIGH,45,"","","","","","","",""
dependency-check scan: /home/xcesco/projects/log4shell-vulnerable-app,"Sun, 9 Nov 2025 20:36:42 GMT",vulnerable-app-0.0.1-SNAPSHOT.jar: snakeyaml-1.29.jar,/src/target/vulnerable-app-0.0.1-SNAPSHOT.jar/BOOT-INF/lib/snakeyaml-1.29.jar,YAML 1.1 parser and emitter for Java,"Apache License, Version 2.0: http://www.apache.org/licenses/LICENSE-2.0.txt",5bdf841bc5abda0507fa5ce91c44cc86,6d0cdafb2010f1297e574656551d7145240f6e25,pkg:maven/org.yaml/snakeyaml@1.29,cpe:2.3:a:snakeyaml_project:snakeyaml:1.29:*:*:*:*:*:*:*,CVE-2022-1471,"CWE-502 Deserialization of Untrusted Data, CWE-20 Improper Input Validation",SnakeYaml's Constructor() class does not restrict types which can be instantiated during deserialization. Deserializing yaml content provided by an attacker can lead to remote code execution. We recommend using SnakeYaml's SafeConsturctor when parsing untrusted content to restrict deserialization. We recommend upgrading to version 2.0 and beyond.,NVD,"","","",CRITICAL,9.8,CVSS:3.1/AV:N/AC:L/PR:N/UI:N/S:U/C:H/I:H/A:H/E:3.9/RC:R/MAV:A,"","","",HIGH,43,"","","","","","","",""
dependency-check scan: /home/xcesco/projects/log4shell-vulnerable-app,"Sun, 9 Nov 2025 20:36:42 GMT",vulnerable-app-0.0.1-SNAPSHOT.jar: snakeyaml-1.29.jar,/src/target/vulnerable-app-0.0.1-SNAPSHOT.jar/BOOT-INF/lib/snakeyaml-1.29.jar,YAML 1.1 parser and emitter for Java,"Apache License, Version 2.0: http://www.apache.org/licenses/LICENSE-2.0.txt",5bdf841bc5abda0507fa5ce91c44cc86,6d0cdafb2010f1297e574656551d7145240f6e25,pkg:maven/org.yaml/snakeyaml@1.29,cpe:2.3:a:snakeyaml_project:snakeyaml:1.29:*:*:*:*:*:*:*,CVE-2022-25857,CWE-776 Improper Restriction of Recursive Entity References in DTDs ('XML Entity Expansion'),The package org.yaml:snakeyaml from 0 and before 1.31 are vulnerable to Denial of Service (DoS) due missing to nested depth limitation for collections.,NVD,"","","",HIGH,7.5,CVSS:3.1/AV:N/AC:L/PR:N/UI:N/S:U/C:N/I:N/A:H/E:3.9/RC:R/MAV:A,"","","",HIGH,43,"","","","","","","",""
dependency-check scan: /home/xcesco/projects/log4shell-vulnerable-app,"Sun, 9 Nov 2025 20:36:42 GMT",vulnerable-app-0.0.1-SNAPSHOT.jar: snakeyaml-1.29.jar,/src/target/vulnerable-app-0.0.1-SNAPSHOT.jar/BOOT-INF/lib/snakeyaml-1.29.jar,YAML 1.1 parser and emitter for Java,"Apache License, Version 2.0: http://www.apache.org/licenses/LICENSE-2.0.txt",5bdf841bc5abda0507fa5ce91c44cc86,6d0cdafb2010f1297e574656551d7145240f6e25,pkg:maven/org.yaml/snakeyaml@1.29,cpe:2.3:a:snakeyaml_project:snakeyaml:1.29:*:*:*:*:*:*:*,CVE-2022-38749,"CWE-787 Out-of-bounds Write, CWE-121 Stack-based Buffer Overflow","Using snakeYAML to parse untrusted YAML files may be vulnerable to Denial of Service attacks (DOS). If the parser is running on user supplied input, an attacker may supply content that causes the parser to crash by stackoverflow.",NVD,"","","",MEDIUM,6.5,CVSS:3.1/AV:N/AC:L/PR:L/UI:N/S:U/C:N/I:N/A:H/E:2.8/RC:R/MAV:A,"","","",HIGH,43,"","","","","","","",""
dependency-check scan: /home/xcesco/projects/log4shell-vulnerable-app,"Sun, 9 Nov 2025 20:36:42 GMT",vulnerable-app-0.0.1-SNAPSHOT.jar: snakeyaml-1.29.jar,/src/target/vulnerable-app-0.0.1-SNAPSHOT.jar/BOOT-INF/lib/snakeyaml-1.29.jar,YAML 1.1 parser and emitter for Java,"Apache License, Version 2.0: http://www.apache.org/licenses/LICENSE-2.0.txt",5bdf841bc5abda0507fa5ce91c44cc86,6d0cdafb2010f1297e574656551d7145240f6e25,pkg:maven/org.yaml/snakeyaml@1.29,cpe:2.3:a:snakeyaml_project:snakeyaml:1.29:*:*:*:*:*:*:*,CVE-2022-38751,"CWE-787 Out-of-bounds Write, CWE-121 Stack-based Buffer Overflow","Using snakeYAML to parse untrusted YAML files may be vulnerable to Denial of Service attacks (DOS). If the parser is running on user supplied input, an attacker may supply content that causes the parser to crash by stackoverflow.",NVD,"","","",MEDIUM,6.5,CVSS:3.1/AV:N/AC:L/PR:L/UI:N/S:U/C:N/I:N/A:H/E:2.8/RC:R/MAV:A,"","","",HIGH,43,"","","","","","","",""
dependency-check scan: /home/xcesco/projects/log4shell-vulnerable-app,"Sun, 9 Nov 2025 20:36:42 GMT",vulnerable-app-0.0.1-SNAPSHOT.jar: snakeyaml-1.29.jar,/src/target/vulnerable-app-0.0.1-SNAPSHOT.jar/BOOT-INF/lib/snakeyaml-1.29.jar,YAML 1.1 parser and emitter for Java,"Apache License, Version 2.0: http://www.apache.org/licenses/LICENSE-2.0.txt",5bdf841bc5abda0507fa5ce91c44cc86,6d0cdafb2010f1297e574656551d7145240f6e25,pkg:maven/org.yaml/snakeyaml@1.29,cpe:2.3:a:snakeyaml_project:snakeyaml:1.29:*:*:*:*:*:*:*,CVE-2022-38752,"CWE-787 Out-of-bounds Write, CWE-121 Stack-based Buffer Overflow","Using snakeYAML to parse untrusted YAML files may be vulnerable to Denial of Service attacks (DOS). If the parser is running on user supplied input, an attacker may supply content that causes the parser to crash by stack-overflow.",NVD,"","","",MEDIUM,6.5,CVSS:3.1/AV:N/AC:L/PR:L/UI:N/S:U/C:N/I:N/A:H/E:2.8/RC:R/MAV:A,"","","",HIGH,43,"","","","","","","",""
dependency-check scan: /home/xcesco/projects/log4shell-vulnerable-app,"Sun, 9 Nov 2025 20:36:42 GMT",vulnerable-app-0.0.1-SNAPSHOT.jar: snakeyaml-1.29.jar,/src/target/vulnerable-app-0.0.1-SNAPSHOT.jar/BOOT-INF/lib/snakeyaml-1.29.jar,YAML 1.1 parser and emitter for Java,"Apache License, Version 2.0: http://www.apache.org/licenses/LICENSE-2.0.txt",5bdf841bc5abda0507fa5ce91c44cc86,6d0cdafb2010f1297e574656551d7145240f6e25,pkg:maven/org.yaml/snakeyaml@1.29,cpe:2.3:a:snakeyaml_project:snakeyaml:1.29:*:*:*:*:*:*:*,CVE-2022-41854,"CWE-787 Out-of-bounds Write, CWE-121 Stack-based Buffer Overflow","Those using Snakeyaml to parse untrusted YAML files may be vulnerable to Denial of Service attacks (DOS). If the parser is running on user supplied input, an attacker may supply content that causes the parser to crash by stack overflow. This effect may support a denial of service attack.",NVD,"","","",MEDIUM,6.5,CVSS:3.1/AV:N/AC:L/PR:N/UI:R/S:U/C:N/I:N/A:H/E:2.8/RC:R/MAV:A,"","","",HIGH,43,"","","","","","","",""
dependency-check scan: /home/xcesco/projects/log4shell-vulnerable-app,"Sun, 9 Nov 2025 20:36:42 GMT",vulnerable-app-0.0.1-SNAPSHOT.jar: snakeyaml-1.29.jar,/src/target/vulnerable-app-0.0.1-SNAPSHOT.jar/BOOT-INF/lib/snakeyaml-1.29.jar,YAML 1.1 parser and emitter for Java,"Apache License, Version 2.0: http://www.apache.org/licenses/LICENSE-2.0.txt",5bdf841bc5abda0507fa5ce91c44cc86,6d0cdafb2010f1297e574656551d7145240f6e25,pkg:maven/org.yaml/snakeyaml@1.29,cpe:2.3:a:snakeyaml_project:snakeyaml:1.29:*:*:*:*:*:*:*,CVE-2022-38750,"CWE-787 Out-of-bounds Write, CWE-121 Stack-based Buffer Overflow","Using snakeYAML to parse untrusted YAML files may be vulnerable to Denial of Service attacks (DOS). If the parser is running on user supplied input, an attacker may supply content that causes the parser to crash by stackoverflow.",NVD,"","","",MEDIUM,5.5,CVSS:3.1/AV:L/AC:L/PR:N/UI:R/S:U/C:N/I:N/A:H/E:1.8/RC:R/MAV:A,"","","",HIGH,43,"","","","","","","",""
dependency-check scan: /home/xcesco/projects/log4shell-vulnerable-app,"Sun, 9 Nov 2025 20:36:42 GMT",vulnerable-app-0.0.1-SNAPSHOT.jar: spring-boot-2.6.1.jar,/src/target/vulnerable-app-0.0.1-SNAPSHOT.jar/BOOT-INF/lib/spring-boot-2.6.1.jar,Spring Boot,"Apache License, Version 2.0: https://www.apache.org/licenses/LICENSE-2.0",29b3a976afb7c8e496f282abdf5ff2cb,f670cee55752c1f1b304508e18bafd000e543174,pkg:maven/org.springframework.boot/spring-boot@2.6.1,cpe:2.3:a:vmware:spring_boot:2.6.1:*:*:*:*:*:*:*,CVE-2023-20873,NVD-CWE-noinfo,"In Spring Boot versions 3.0.0 - 3.0.5, 2.7.0 - 2.7.10, and older unsupported versions, an application that is deployed to Cloud Foundry could be susceptible to a security bypass. Users of affected versions should apply the following mitigation: 3.0.x users should upgrade to 3.0.6+. 2.7.x users should upgrade to 2.7.11+. Users of older, unsupported versions should upgrade to 3.0.6+ or 2.7.11+.",NVD,"","","",CRITICAL,9.8,CVSS:3.1/AV:N/AC:L/PR:N/UI:N/S:U/C:H/I:H/A:H/E:3.9/RC:R/MAV:A,"","","",HIGH,42,"","","","","","","",""
dependency-check scan: /home/xcesco/projects/log4shell-vulnerable-app,"Sun, 9 Nov 2025 20:36:42 GMT",vulnerable-app-0.0.1-SNAPSHOT.jar: spring-boot-2.6.1.jar,/src/target/vulnerable-app-0.0.1-SNAPSHOT.jar/BOOT-INF/lib/spring-boot-2.6.1.jar,Spring Boot,"Apache License, Version 2.0: https://www.apache.org/licenses/LICENSE-2.0",29b3a976afb7c8e496f282abdf5ff2cb,f670cee55752c1f1b304508e18bafd000e543174,pkg:maven/org.springframework.boot/spring-boot@2.6.1,cpe:2.3:a:vmware:spring_boot:2.6.1:*:*:*:*:*:*:*,CVE-2023-20883,CWE-400 Uncontrolled Resource Consumption,"In Spring Boot versions 3.0.0 - 3.0.6, 2.7.0 - 2.7.11, 2.6.0 - 2.6.14, 2.5.0 - 2.5.14 and older unsupported versions, there is potential for a denial-of-service (DoS) attack if Spring MVC is used together with a reverse proxy cache.",NVD,"","","",HIGH,7.5,CVSS:3.1/AV:N/AC:L/PR:N/UI:N/S:U/C:N/I:N/A:H/E:3.9/RC:R/MAV:A,"","","",HIGH,42,"","","","","","","",""
dependency-check scan: /home/xcesco/projects/log4shell-vulnerable-app,"Sun, 9 Nov 2025 20:36:42 GMT",vulnerable-app-0.0.1-SNAPSHOT.jar: spring-core-5.3.13.jar,/src/target/vulnerable-app-0.0.1-SNAPSHOT.jar/BOOT-INF/lib/spring-core-5.3.13.jar,Spring Core,"Apache License, Version 2.0: https://www.apache.org/licenses/LICENSE-2.0",9cbed00d1278f413f182577d942b578d,d2a6c3372dd337e08144f9f49f386b8ec7a8080d,pkg:maven/org.springframework/spring-core@5.3.13,"cpe:2.3:a:pivotal_software:spring_framework:5.3.13:*:*:*:*:*:*:*, cpe:2.3:a:springsource:spring_framework:5.3.13:*:*:*:*:*:*:*, cpe:2.3:a:vmware:spring_framework:5.3.13:*:*:*:*:*:*:*",CVE-2022-22965,CWE-94 Improper Control of Generation of Code ('Code Injection'),"A Spring MVC or Spring WebFlux application running on JDK 9+ may be vulnerable to remote code execution (RCE) via data binding. The specific exploit requires the application to run on Tomcat as a WAR deployment. If the application is deployed as a Spring Boot executable jar, i.e. the default, it is not vulnerable to the exploit. However, the nature of the vulnerability is more general, and there may be other ways to exploit it.",NVD,HIGH,7.5,/AV:N/AC:L/Au:N/C:P/I:P/A:P,CRITICAL,9.8,CVSS:3.1/AV:N/AC:L/PR:N/UI:N/S:U/C:H/I:H/A:H/E:3.9/RC:R/MAV:A,"","","",HIGH,39,VMware,Spring Framework,Spring Framework JDK 9+ Remote Code Execution Vulnerability,2022-04-04,Spring MVC or Spring WebFlux application running on JDK 9+ may be vulnerable to remote code execution (RCE) via data binding.,Apply updates per vendor instructions.,2022-04-25,https://nvd.nist.gov/vuln/detail/CVE-2022-22965
dependency-check scan: /home/xcesco/projects/log4shell-vulnerable-app,"Sun, 9 Nov 2025 20:36:42 GMT",vulnerable-app-0.0.1-SNAPSHOT.jar: spring-core-5.3.13.jar,/src/target/vulnerable-app-0.0.1-SNAPSHOT.jar/BOOT-INF/lib/spring-core-5.3.13.jar,Spring Core,"Apache License, Version 2.0: https://www.apache.org/licenses/LICENSE-2.0",9cbed00d1278f413f182577d942b578d,d2a6c3372dd337e08144f9f49f386b8ec7a8080d,pkg:maven/org.springframework/spring-core@5.3.13,"cpe:2.3:a:pivotal_software:spring_framework:5.3.13:*:*:*:*:*:*:*, cpe:2.3:a:springsource:spring_framework:5.3.13:*:*:*:*:*:*:*, cpe:2.3:a:vmware:spring_framework:5.3.13:*:*:*:*:*:*:*",CVE-2024-22259,CWE-601 URL Redirection to Untrusted Site ('Open Redirect'),"Applications that use UriComponentsBuilder in Spring Framework to parse an externally provided URL (e.g. through a query parameter) AND perform validation checks on the host of the parsed URL may be vulnerable to a  open redirect https://cwe.mitre.org/data/definitions/601.html  attack or to a SSRF attack if the URL is used after passing validation checks.  This is the same as  CVE-2024-22243 https://spring.io/security/cve-2024-22243 , but with different input.",NVD,"","","",HIGH,8.1,CVSS:3.1/AV:N/AC:L/PR:N/UI:R/S:U/C:H/I:H/A:N/E:2.8/RC:R/MAV:A,"","","",HIGH,39,"","","","","","","",""
dependency-check scan: /home/xcesco/projects/log4shell-vulnerable-app,"Sun, 9 Nov 2025 20:36:42 GMT",vulnerable-app-0.0.1-SNAPSHOT.jar: spring-core-5.3.13.jar,/src/target/vulnerable-app-0.0.1-SNAPSHOT.jar/BOOT-INF/lib/spring-core-5.3.13.jar,Spring Core,"Apache License, Version 2.0: https://www.apache.org/licenses/LICENSE-2.0",9cbed00d1278f413f182577d942b578d,d2a6c3372dd337e08144f9f49f386b8ec7a8080d,pkg:maven/org.springframework/spring-core@5.3.13,"cpe:2.3:a:pivotal_software:spring_framework:5.3.13:*:*:*:*:*:*:*, cpe:2.3:a:springsource:spring_framework:5.3.13:*:*:*:*:*:*:*, cpe:2.3:a:vmware:spring_framework:5.3.13:*:*:*:*:*:*:*",CVE-2023-20860,NVD-CWE-noinfo,"Spring Framework running version 6.0.0 - 6.0.6 or 5.3.0 - 5.3.25 using ""**"" as a pattern in Spring Security configuration with the mvcRequestMatcher creates a mismatch in pattern matching between Spring Security and Spring MVC, and the potential for a security bypass.",NVD,"","","",HIGH,7.5,CVSS:3.1/AV:N/AC:L/PR:N/UI:N/S:U/C:N/I:H/A:N/E:3.9/RC:R/MAV:A,"","","",HIGH,39,"","","","","","","",""
dependency-check scan: /home/xcesco/projects/log4shell-vulnerable-app,"Sun, 9 Nov 2025 20:36:42 GMT",vulnerable-app-0.0.1-SNAPSHOT.jar: spring-core-5.3.13.jar,/src/target/vulnerable-app-0.0.1-SNAPSHOT.jar/BOOT-INF/lib/spring-core-5.3.13.jar,Spring Core,"Apache License, Version 2.0: https://www.apache.org/licenses/LICENSE-2.0",9cbed00d1278f413f182577d942b578d,d2a6c3372dd337e08144f9f49f386b8ec7a8080d,pkg:maven/org.springframework/spring-core@5.3.13,"cpe:2.3:a:pivotal_software:spring_framework:5.3.13:*:*:*:*:*:*:*, cpe:2.3:a:springsource:spring_framework:5.3.13:*:*:*:*:*:*:*, cpe:2.3:a:vmware:spring_framework:5.3.13:*:*:*:*:*:*:*",CVE-2022-22950,CWE-770 Allocation of Resources Without Limits or Throttling,"n Spring Framework versions 5.3.0 - 5.3.16 and older unsupported versions, it is possible for a user to provide a specially crafted SpEL expression that may cause a denial of service condition.",NVD,MEDIUM,4.0,/AV:N/AC:L/Au:S/C:N/I:N/A:P,MEDIUM,6.5,CVSS:3.1/AV:N/AC:L/PR:L/UI:N/S:U/C:N/I:N/A:H/E:2.8/RC:R/MAV:A,"","","",HIGH,39,"","","","","","","",""
dependency-check scan: /home/xcesco/projects/log4shell-vulnerable-app,"Sun, 9 Nov 2025 20:36:42 GMT",vulnerable-app-0.0.1-SNAPSHOT.jar: spring-core-5.3.13.jar,/src/target/vulnerable-app-0.0.1-SNAPSHOT.jar/BOOT-INF/lib/spring-core-5.3.13.jar,Spring Core,"Apache License, Version 2.0: https://www.apache.org/licenses/LICENSE-2.0",9cbed00d1278f413f182577d942b578d,d2a6c3372dd337e08144f9f49f386b8ec7a8080d,pkg:maven/org.springframework/spring-core@5.3.13,"cpe:2.3:a:pivotal_software:spring_framework:5.3.13:*:*:*:*:*:*:*, cpe:2.3:a:springsource:spring_framework:5.3.13:*:*:*:*:*:*:*, cpe:2.3:a:vmware:spring_framework:5.3.13:*:*:*:*:*:*:*",CVE-2022-22971,CWE-770 Allocation of Resources Without Limits or Throttling,"In spring framework versions prior to 5.3.20+ , 5.2.22+ and old unsupported versions, application with a STOMP over WebSocket endpoint is vulnerable to a denial of service attack by an authenticated user.",NVD,MEDIUM,4.0,/AV:N/AC:L/Au:S/C:N/I:N/A:P,MEDIUM,6.5,CVSS:3.1/AV:N/AC:L/PR:L/UI:N/S:U/C:N/I:N/A:H/E:2.8/RC:R/MAV:A,"","","",HIGH,39,"","","","","","","",""
dependency-check scan: /home/xcesco/projects/log4shell-vulnerable-app,"Sun, 9 Nov 2025 20:36:42 GMT",vulnerable-app-0.0.1-SNAPSHOT.jar: spring-core-5.3.13.jar,/src/target/vulnerable-app-0.0.1-SNAPSHOT.jar/BOOT-INF/lib/spring-core-5.3.13.jar,Spring Core,"Apache License, Version 2.0: https://www.apache.org/licenses/LICENSE-2.0",9cbed00d1278f413f182577d942b578d,d2a6c3372dd337e08144f9f49f386b8ec7a8080d,pkg:maven/org.springframework/spring-core@5.3.13,"cpe:2.3:a:pivotal_software:spring_framework:5.3.13:*:*:*:*:*:*:*, cpe:2.3:a:springsource:spring_framework:5.3.13:*:*:*:*:*:*:*, cpe:2.3:a:vmware:spring_framework:5.3.13:*:*:*:*:*:*:*",CVE-2023-20861,"CWE-400 Uncontrolled Resource Consumption, NVD-CWE-noinfo","In Spring Framework versions 6.0.0 - 6.0.6, 5.3.0 - 5.3.25, 5.2.0.RELEASE - 5.2.22.RELEASE, and older unsupported versions, it is possible for a user to provide a specially crafted SpEL expression that may cause a denial-of-service (DoS) condition.",NVD,"","","",MEDIUM,6.5,CVSS:3.1/AV:N/AC:L/PR:L/UI:N/S:U/C:N/I:N/A:H/E:2.8/RC:R/MAV:A,"","","",HIGH,39,"","","","","","","",""
dependency-check scan: /home/xcesco/projects/log4shell-vulnerable-app,"Sun, 9 Nov 2025 20:36:42 GMT",vulnerable-app-0.0.1-SNAPSHOT.jar: spring-core-5.3.13.jar,/src/target/vulnerable-app-0.0.1-SNAPSHOT.jar/BOOT-INF/lib/spring-core-5.3.13.jar,Spring Core,"Apache License, Version 2.0: https://www.apache.org/licenses/LICENSE-2.0",9cbed00d1278f413f182577d942b578d,d2a6c3372dd337e08144f9f49f386b8ec7a8080d,pkg:maven/org.springframework/spring-core@5.3.13,"cpe:2.3:a:pivotal_software:spring_framework:5.3.13:*:*:*:*:*:*:*, cpe:2.3:a:springsource:spring_framework:5.3.13:*:*:*:*:*:*:*, cpe:2.3:a:vmware:spring_framework:5.3.13:*:*:*:*:*:*:*",CVE-2023-20863,"CWE-400 Uncontrolled Resource Consumption, CWE-917 Improper Neutralization of Special Elements used in an Expression Language Statement ('Expression Language Injection')","In spring framework versions prior to 5.2.24 release+ ,5.3.27+ and 6.0.8+ , it is possible for a user to provide a specially crafted SpEL expression that may cause a denial-of-service (DoS) condition.",NVD,"","","",MEDIUM,6.5,CVSS:3.1/AV:N/AC:L/PR:L/UI:N/S:U/C:N/I:N/A:H/E:2.8/RC:R/MAV:A,"","","",HIGH,39,"","","","","","","",""
dependency-check scan: /home/xcesco/projects/log4shell-vulnerable-app,"Sun, 9 Nov 2025 20:36:42 GMT",vulnerable-app-0.0.1-SNAPSHOT.jar: spring-core-5.3.13.jar,/src/target/vulnerable-app-0.0.1-SNAPSHOT.jar/BOOT-INF/lib/spring-core-5.3.13.jar,Spring Core,"Apache License, Version 2.0: https://www.apache.org/licenses/LICENSE-2.0",9cbed00d1278f413f182577d942b578d,d2a6c3372dd337e08144f9f49f386b8ec7a8080d,pkg:maven/org.springframework/spring-core@5.3.13,"cpe:2.3:a:pivotal_software:spring_framework:5.3.13:*:*:*:*:*:*:*, cpe:2.3:a:springsource:spring_framework:5.3.13:*:*:*:*:*:*:*, cpe:2.3:a:vmware:spring_framework:5.3.13:*:*:*:*:*:*:*",CVE-2022-22968,CWE-178 Improper Handling of Case Sensitivity,"In Spring Framework versions 5.3.0 - 5.3.18, 5.2.0 - 5.2.20, and older unsupported versions, the patterns for disallowedFields on a DataBinder are case sensitive which means a field is not effectively protected unless it is listed with both upper and lower case for the first character of the field, including upper and lower case for the first character of all nested fields within the property path.",NVD,MEDIUM,5.0,/AV:N/AC:L/Au:N/C:N/I:P/A:N,MEDIUM,5.3,CVSS:3.1/AV:N/AC:L/PR:N/UI:N/S:U/C:N/I:L/A:N/E:3.9/RC:R/MAV:A,"","","",HIGH,39,"","","","","","","",""
dependency-check scan: /home/xcesco/projects/log4shell-vulnerable-app,"Sun, 9 Nov 2025 20:36:42 GMT",vulnerable-app-0.0.1-SNAPSHOT.jar: spring-core-5.3.13.jar,/src/target/vulnerable-app-0.0.1-SNAPSHOT.jar/BOOT-INF/lib/spring-core-5.3.13.jar,Spring Core,"Apache License, Version 2.0: https://www.apache.org/licenses/LICENSE-2.0",9cbed00d1278f413f182577d942b578d,d2a6c3372dd337e08144f9f49f386b8ec7a8080d,pkg:maven/org.springframework/spring-core@5.3.13,"cpe:2.3:a:pivotal_software:spring_framework:5.3.13:*:*:*:*:*:*:*, cpe:2.3:a:springsource:spring_framework:5.3.13:*:*:*:*:*:*:*, cpe:2.3:a:vmware:spring_framework:5.3.13:*:*:*:*:*:*:*",CVE-2022-22970,CWE-770 Allocation of Resources Without Limits or Throttling,"In spring framework versions prior to 5.3.20+ , 5.2.22+ and old unsupported versions, applications that handle file uploads are vulnerable to DoS attack if they rely on data binding to set a MultipartFile or javax.servlet.Part to a field in a model object.",NVD,LOW,3.5,/AV:N/AC:M/Au:S/C:N/I:N/A:P,MEDIUM,5.3,CVSS:3.1/AV:N/AC:H/PR:L/UI:N/S:U/C:N/I:N/A:H/E:1.6/RC:R/MAV:A,"","","",HIGH,39,"","","","","","","",""
dependency-check scan: /home/xcesco/projects/log4shell-vulnerable-app,"Sun, 9 Nov 2025 20:36:42 GMT",vulnerable-app-0.0.1-SNAPSHOT.jar: spring-core-5.3.13.jar,/src/target/vulnerable-app-0.0.1-SNAPSHOT.jar/BOOT-INF/lib/spring-core-5.3.13.jar,Spring Core,"Apache License, Version 2.0: https://www.apache.org/licenses/LICENSE-2.0",9cbed00d1278f413f182577d942b578d,d2a6c3372dd337e08144f9f49f386b8ec7a8080d,pkg:maven/org.springframework/spring-core@5.3.13,"cpe:2.3:a:pivotal_software:spring_framework:5.3.13:*:*:*:*:*:*:*, cpe:2.3:a:springsource:spring_framework:5.3.13:*:*:*:*:*:*:*, cpe:2.3:a:vmware:spring_framework:5.3.13:*:*:*:*:*:*:*",CVE-2024-38820,"NVD-CWE-noinfo, CWE-178 Improper Handling of Case Sensitivity","The fix for CVE-2022-22968 made disallowedFields patterns in DataBinder case insensitive. However, String.toLowerCase() has some Locale dependent exceptions that could potentially result in fields not protected as expected.",NVD,"","","",MEDIUM,5.3,CVSS:3.1/AV:N/AC:L/PR:N/UI:N/S:U/C:N/I:L/A:N/E:3.9/RC:R/MAV:A,"","","",HIGH,39,"","","","","","","",""
dependency-check scan: /home/xcesco/projects/log4shell-vulnerable-app,"Sun, 9 Nov 2025 20:36:42 GMT",vulnerable-app-0.0.1-SNAPSHOT.jar: spring-core-5.3.13.jar,/src/target/vulnerable-app-0.0.1-SNAPSHOT.jar/BOOT-INF/lib/spring-core-5.3.13.jar,Spring Core,"Apache License, Version 2.0: https://www.apache.org/licenses/LICENSE-2.0",9cbed00d1278f413f182577d942b578d,d2a6c3372dd337e08144f9f49f386b8ec7a8080d,pkg:maven/org.springframework/spring-core@5.3.13,"cpe:2.3:a:pivotal_software:spring_framework:5.3.13:*:*:*:*:*:*:*, cpe:2.3:a:springsource:spring_framework:5.3.13:*:*:*:*:*:*:*, cpe:2.3:a:vmware:spring_framework:5.3.13:*:*:*:*:*:*:*",CVE-2021-22060,NVD-CWE-noinfo,"In Spring Framework versions 5.3.0 - 5.3.13, 5.2.0 - 5.2.18, and older unsupported versions, it is possible for a user to provide malicious input to cause the insertion of additional log entries. This is a follow-up to CVE-2021-22096 that protects against additional types of input and in more places of the Spring Framework codebase.",NVD,MEDIUM,4.0,/AV:N/AC:L/Au:S/C:N/I:P/A:N,MEDIUM,4.3,CVSS:3.1/AV:N/AC:L/PR:L/UI:N/S:U/C:N/I:L/A:N/E:2.8/RC:R/MAV:A,"","","",HIGH,39,"","","","","","","",""
dependency-check scan: /home/xcesco/projects/log4shell-vulnerable-app,"Sun, 9 Nov 2025 20:36:42 GMT",vulnerable-app-0.0.1-SNAPSHOT.jar: spring-core-5.3.13.jar,/src/target/vulnerable-app-0.0.1-SNAPSHOT.jar/BOOT-INF/lib/spring-core-5.3.13.jar,Spring Core,"Apache License, Version 2.0: https://www.apache.org/licenses/LICENSE-2.0",9cbed00d1278f413f182577d942b578d,d2a6c3372dd337e08144f9f49f386b8ec7a8080d,pkg:maven/org.springframework/spring-core@5.3.13,"cpe:2.3:a:pivotal_software:spring_framework:5.3.13:*:*:*:*:*:*:*, cpe:2.3:a:springsource:spring_framework:5.3.13:*:*:*:*:*:*:*, cpe:2.3:a:vmware:spring_framework:5.3.13:*:*:*:*:*:*:*",CVE-2024-38808,CWE-770 Allocation of Resources Without Limits or Throttling,"In Spring Framework versions 5.3.0 - 5.3.38 and older unsupported versions, it is possible for a user to provide a specially crafted Spring Expression Language (SpEL) expression that may cause a denial of service (DoS) condition.  Specifically, an application is vulnerable when the following is true:    *  The application evaluates user-supplied SpEL expressions.",NVD,"","","",MEDIUM,4.3,CVSS:3.1/AV:N/AC:L/PR:N/UI:R/S:U/C:N/I:N/A:L/E:2.8/RC:R/MAV:A,"","","",HIGH,39,"","","","","","","",""
dependency-check scan: /home/xcesco/projects/log4shell-vulnerable-app,"Sun, 9 Nov 2025 20:36:42 GMT",vulnerable-app-0.0.1-SNAPSHOT.jar: spring-web-5.3.13.jar,/src/target/vulnerable-app-0.0.1-SNAPSHOT.jar/BOOT-INF/lib/spring-web-5.3.13.jar,Spring Web,"Apache License, Version 2.0: https://www.apache.org/licenses/LICENSE-2.0",b7daa63b26cd3abdabd51806e67af461,66d95a5d2d436961b4cae036723f4c7a764fc14c,pkg:maven/org.springframework/spring-web@5.3.13,"cpe:2.3:a:pivotal_software:spring_framework:5.3.13:*:*:*:*:*:*:*, cpe:2.3:a:springsource:spring_framework:5.3.13:*:*:*:*:*:*:*, cpe:2.3:a:vmware:spring_framework:5.3.13:*:*:*:*:*:*:*, cpe:2.3:a:web_project:web:5.3.13:*:*:*:*:*:*:*",CVE-2016-1000027,CWE-502 Deserialization of Untrusted Data,"Pivotal Spring Framework through 5.3.16 suffers from a potential remote code execution (RCE) issue if used for Java deserialization of untrusted data. Depending on how the library is implemented within a product, this issue may or not occur, and authentication may be required. NOTE: the vendor's position is that untrusted data is not an intended use case. The product's behavior will not be changed because some users rely on deserialization of trusted data.",NVD,HIGH,7.5,/AV:N/AC:L/Au:N/C:P/I:P/A:P,CRITICAL,9.8,CVSS:3.1/AV:N/AC:L/PR:N/UI:N/S:U/C:H/I:H/A:H/E:3.9/RC:R/MAV:A,"","","",HIGH,39,"","","","","","","",""
dependency-check scan: /home/xcesco/projects/log4shell-vulnerable-app,"Sun, 9 Nov 2025 20:36:42 GMT",vulnerable-app-0.0.1-SNAPSHOT.jar: spring-web-5.3.13.jar,/src/target/vulnerable-app-0.0.1-SNAPSHOT.jar/BOOT-INF/lib/spring-web-5.3.13.jar,Spring Web,"Apache License, Version 2.0: https://www.apache.org/licenses/LICENSE-2.0",b7daa63b26cd3abdabd51806e67af461,66d95a5d2d436961b4cae036723f4c7a764fc14c,pkg:maven/org.springframework/spring-web@5.3.13,"cpe:2.3:a:pivotal_software:spring_framework:5.3.13:*:*:*:*:*:*:*, cpe:2.3:a:springsource:spring_framework:5.3.13:*:*:*:*:*:*:*, cpe:2.3:a:vmware:spring_framework:5.3.13:*:*:*:*:*:*:*, cpe:2.3:a:web_project:web:5.3.13:*:*:*:*:*:*:*",CVE-2022-22965,CWE-94 Improper Control of Generation of Code ('Code Injection'),"A Spring MVC or Spring WebFlux application running on JDK 9+ may be vulnerable to remote code execution (RCE) via data binding. The specific exploit requires the application to run on Tomcat as a WAR deployment. If the application is deployed as a Spring Boot executable jar, i.e. the default, it is not vulnerable to the exploit. However, the nature of the vulnerability is more general, and there may be other ways to exploit it.",NVD,HIGH,7.5,/AV:N/AC:L/Au:N/C:P/I:P/A:P,CRITICAL,9.8,CVSS:3.1/AV:N/AC:L/PR:N/UI:N/S:U/C:H/I:H/A:H/E:3.9/RC:R/MAV:A,"","","",HIGH,39,VMware,Spring Framework,Spring Framework JDK 9+ Remote Code Execution Vulnerability,2022-04-04,Spring MVC or Spring WebFlux application running on JDK 9+ may be vulnerable to remote code execution (RCE) via data binding.,Apply updates per vendor instructions.,2022-04-25,https://nvd.nist.gov/vuln/detail/CVE-2022-22965
dependency-check scan: /home/xcesco/projects/log4shell-vulnerable-app,"Sun, 9 Nov 2025 20:36:42 GMT",vulnerable-app-0.0.1-SNAPSHOT.jar: spring-web-5.3.13.jar,/src/target/vulnerable-app-0.0.1-SNAPSHOT.jar/BOOT-INF/lib/spring-web-5.3.13.jar,Spring Web,"Apache License, Version 2.0: https://www.apache.org/licenses/LICENSE-2.0",b7daa63b26cd3abdabd51806e67af461,66d95a5d2d436961b4cae036723f4c7a764fc14c,pkg:maven/org.springframework/spring-web@5.3.13,"cpe:2.3:a:pivotal_software:spring_framework:5.3.13:*:*:*:*:*:*:*, cpe:2.3:a:springsource:spring_framework:5.3.13:*:*:*:*:*:*:*, cpe:2.3:a:vmware:spring_framework:5.3.13:*:*:*:*:*:*:*, cpe:2.3:a:web_project:web:5.3.13:*:*:*:*:*:*:*",CVE-2024-22259,CWE-601 URL Redirection to Untrusted Site ('Open Redirect'),"Applications that use UriComponentsBuilder in Spring Framework to parse an externally provided URL (e.g. through a query parameter) AND perform validation checks on the host of the parsed URL may be vulnerable to a  open redirect https://cwe.mitre.org/data/definitions/601.html  attack or to a SSRF attack if the URL is used after passing validation checks.  This is the same as  CVE-2024-22243 https://spring.io/security/cve-2024-22243 , but with different input.",NVD,"","","",HIGH,8.1,CVSS:3.1/AV:N/AC:L/PR:N/UI:R/S:U/C:H/I:H/A:N/E:2.8/RC:R/MAV:A,"","","",HIGH,39,"","","","","","","",""
dependency-check scan: /home/xcesco/projects/log4shell-vulnerable-app,"Sun, 9 Nov 2025 20:36:42 GMT",vulnerable-app-0.0.1-SNAPSHOT.jar: spring-web-5.3.13.jar,/src/target/vulnerable-app-0.0.1-SNAPSHOT.jar/BOOT-INF/lib/spring-web-5.3.13.jar,Spring Web,"Apache License, Version 2.0: https://www.apache.org/licenses/LICENSE-2.0",b7daa63b26cd3abdabd51806e67af461,66d95a5d2d436961b4cae036723f4c7a764fc14c,pkg:maven/org.springframework/spring-web@5.3.13,"cpe:2.3:a:pivotal_software:spring_framework:5.3.13:*:*:*:*:*:*:*, cpe:2.3:a:springsource:spring_framework:5.3.13:*:*:*:*:*:*:*, cpe:2.3:a:vmware:spring_framework:5.3.13:*:*:*:*:*:*:*, cpe:2.3:a:web_project:web:5.3.13:*:*:*:*:*:*:*",CVE-2023-20860,NVD-CWE-noinfo,"Spring Framework running version 6.0.0 - 6.0.6 or 5.3.0 - 5.3.25 using ""**"" as a pattern in Spring Security configuration with the mvcRequestMatcher creates a mismatch in pattern matching between Spring Security and Spring MVC, and the potential for a security bypass.",NVD,"","","",HIGH,7.5,CVSS:3.1/AV:N/AC:L/PR:N/UI:N/S:U/C:N/I:H/A:N/E:3.9/RC:R/MAV:A,"","","",HIGH,39,"","","","","","","",""
dependency-check scan: /home/xcesco/projects/log4shell-vulnerable-app,"Sun, 9 Nov 2025 20:36:42 GMT",vulnerable-app-0.0.1-SNAPSHOT.jar: spring-web-5.3.13.jar,/src/target/vulnerable-app-0.0.1-SNAPSHOT.jar/BOOT-INF/lib/spring-web-5.3.13.jar,Spring Web,"Apache License, Version 2.0: https://www.apache.org/licenses/LICENSE-2.0",b7daa63b26cd3abdabd51806e67af461,66d95a5d2d436961b4cae036723f4c7a764fc14c,pkg:maven/org.springframework/spring-web@5.3.13,"cpe:2.3:a:pivotal_software:spring_framework:5.3.13:*:*:*:*:*:*:*, cpe:2.3:a:springsource:spring_framework:5.3.13:*:*:*:*:*:*:*, cpe:2.3:a:vmware:spring_framework:5.3.13:*:*:*:*:*:*:*, cpe:2.3:a:web_project:web:5.3.13:*:*:*:*:*:*:*",CVE-2022-22950,CWE-770 Allocation of Resources Without Limits or Throttling,"n Spring Framework versions 5.3.0 - 5.3.16 and older unsupported versions, it is possible for a user to provide a specially crafted SpEL expression that may cause a denial of service condition.",NVD,MEDIUM,4.0,/AV:N/AC:L/Au:S/C:N/I:N/A:P,MEDIUM,6.5,CVSS:3.1/AV:N/AC:L/PR:L/UI:N/S:U/C:N/I:N/A:H/E:2.8/RC:R/MAV:A,"","","",HIGH,39,"","","","","","","",""
dependency-check scan: /home/xcesco/projects/log4shell-vulnerable-app,"Sun, 9 Nov 2025 20:36:42 GMT",vulnerable-app-0.0.1-SNAPSHOT.jar: spring-web-5.3.13.jar,/src/target/vulnerable-app-0.0.1-SNAPSHOT.jar/BOOT-INF/lib/spring-web-5.3.13.jar,Spring Web,"Apache License, Version 2.0: https://www.apache.org/licenses/LICENSE-2.0",b7daa63b26cd3abdabd51806e67af461,66d95a5d2d436961b4cae036723f4c7a764fc14c,pkg:maven/org.springframework/spring-web@5.3.13,"cpe:2.3:a:pivotal_software:spring_framework:5.3.13:*:*:*:*:*:*:*, cpe:2.3:a:springsource:spring_framework:5.3.13:*:*:*:*:*:*:*, cpe:2.3:a:vmware:spring_framework:5.3.13:*:*:*:*:*:*:*, cpe:2.3:a:web_project:web:5.3.13:*:*:*:*:*:*:*",CVE-2022-22971,CWE-770 Allocation of Resources Without Limits or Throttling,"In spring framework versions prior to 5.3.20+ , 5.2.22+ and old unsupported versions, application with a STOMP over WebSocket endpoint is vulnerable to a denial of service attack by an authenticated user.",NVD,MEDIUM,4.0,/AV:N/AC:L/Au:S/C:N/I:N/A:P,MEDIUM,6.5,CVSS:3.1/AV:N/AC:L/PR:L/UI:N/S:U/C:N/I:N/A:H/E:2.8/RC:R/MAV:A,"","","",HIGH,39,"","","","","","","",""
dependency-check scan: /home/xcesco/projects/log4shell-vulnerable-app,"Sun, 9 Nov 2025 20:36:42 GMT",vulnerable-app-0.0.1-SNAPSHOT.jar: spring-web-5.3.13.jar,/src/target/vulnerable-app-0.0.1-SNAPSHOT.jar/BOOT-INF/lib/spring-web-5.3.13.jar,Spring Web,"Apache License, Version 2.0: https://www.apache.org/licenses/LICENSE-2.0",b7daa63b26cd3abdabd51806e67af461,66d95a5d2d436961b4cae036723f4c7a764fc14c,pkg:maven/org.springframework/spring-web@5.3.13,"cpe:2.3:a:pivotal_software:spring_framework:5.3.13:*:*:*:*:*:*:*, cpe:2.3:a:springsource:spring_framework:5.3.13:*:*:*:*:*:*:*, cpe:2.3:a:vmware:spring_framework:5.3.13:*:*:*:*:*:*:*, cpe:2.3:a:web_project:web:5.3.13:*:*:*:*:*:*:*",CVE-2023-20861,"CWE-400 Uncontrolled Resource Consumption, NVD-CWE-noinfo","In Spring Framework versions 6.0.0 - 6.0.6, 5.3.0 - 5.3.25, 5.2.0.RELEASE - 5.2.22.RELEASE, and older unsupported versions, it is possible for a user to provide a specially crafted SpEL expression that may cause a denial-of-service (DoS) condition.",NVD,"","","",MEDIUM,6.5,CVSS:3.1/AV:N/AC:L/PR:L/UI:N/S:U/C:N/I:N/A:H/E:2.8/RC:R/MAV:A,"","","",HIGH,39,"","","","","","","",""
dependency-check scan: /home/xcesco/projects/log4shell-vulnerable-app,"Sun, 9 Nov 2025 20:36:42 GMT",vulnerable-app-0.0.1-SNAPSHOT.jar: spring-web-5.3.13.jar,/src/target/vulnerable-app-0.0.1-SNAPSHOT.jar/BOOT-INF/lib/spring-web-5.3.13.jar,Spring Web,"Apache License, Version 2.0: https://www.apache.org/licenses/LICENSE-2.0",b7daa63b26cd3abdabd51806e67af461,66d95a5d2d436961b4cae036723f4c7a764fc14c,pkg:maven/org.springframework/spring-web@5.3.13,"cpe:2.3:a:pivotal_software:spring_framework:5.3.13:*:*:*:*:*:*:*, cpe:2.3:a:springsource:spring_framework:5.3.13:*:*:*:*:*:*:*, cpe:2.3:a:vmware:spring_framework:5.3.13:*:*:*:*:*:*:*, cpe:2.3:a:web_project:web:5.3.13:*:*:*:*:*:*:*",CVE-2023-20863,"CWE-400 Uncontrolled Resource Consumption, CWE-917 Improper Neutralization of Special Elements used in an Expression Language Statement ('Expression Language Injection')","In spring framework versions prior to 5.2.24 release+ ,5.3.27+ and 6.0.8+ , it is possible for a user to provide a specially crafted SpEL expression that may cause a denial-of-service (DoS) condition.",NVD,"","","",MEDIUM,6.5,CVSS:3.1/AV:N/AC:L/PR:L/UI:N/S:U/C:N/I:N/A:H/E:2.8/RC:R/MAV:A,"","","",HIGH,39,"","","","","","","",""
dependency-check scan: /home/xcesco/projects/log4shell-vulnerable-app,"Sun, 9 Nov 2025 20:36:42 GMT",vulnerable-app-0.0.1-SNAPSHOT.jar: spring-web-5.3.13.jar,/src/target/vulnerable-app-0.0.1-SNAPSHOT.jar/BOOT-INF/lib/spring-web-5.3.13.jar,Spring Web,"Apache License, Version 2.0: https://www.apache.org/licenses/LICENSE-2.0",b7daa63b26cd3abdabd51806e67af461,66d95a5d2d436961b4cae036723f4c7a764fc14c,pkg:maven/org.springframework/spring-web@5.3.13,"cpe:2.3:a:pivotal_software:spring_framework:5.3.13:*:*:*:*:*:*:*, cpe:2.3:a:springsource:spring_framework:5.3.13:*:*:*:*:*:*:*, cpe:2.3:a:vmware:spring_framework:5.3.13:*:*:*:*:*:*:*, cpe:2.3:a:web_project:web:5.3.13:*:*:*:*:*:*:*",CVE-2022-22968,CWE-178 Improper Handling of Case Sensitivity,"In Spring Framework versions 5.3.0 - 5.3.18, 5.2.0 - 5.2.20, and older unsupported versions, the patterns for disallowedFields on a DataBinder are case sensitive which means a field is not effectively protected unless it is listed with both upper and lower case for the first character of the field, including upper and lower case for the first character of all nested fields within the property path.",NVD,MEDIUM,5.0,/AV:N/AC:L/Au:N/C:N/I:P/A:N,MEDIUM,5.3,CVSS:3.1/AV:N/AC:L/PR:N/UI:N/S:U/C:N/I:L/A:N/E:3.9/RC:R/MAV:A,"","","",HIGH,39,"","","","","","","",""
dependency-check scan: /home/xcesco/projects/log4shell-vulnerable-app,"Sun, 9 Nov 2025 20:36:42 GMT",vulnerable-app-0.0.1-SNAPSHOT.jar: spring-web-5.3.13.jar,/src/target/vulnerable-app-0.0.1-SNAPSHOT.jar/BOOT-INF/lib/spring-web-5.3.13.jar,Spring Web,"Apache License, Version 2.0: https://www.apache.org/licenses/LICENSE-2.0",b7daa63b26cd3abdabd51806e67af461,66d95a5d2d436961b4cae036723f4c7a764fc14c,pkg:maven/org.springframework/spring-web@5.3.13,"cpe:2.3:a:pivotal_software:spring_framework:5.3.13:*:*:*:*:*:*:*, cpe:2.3:a:springsource:spring_framework:5.3.13:*:*:*:*:*:*:*, cpe:2.3:a:vmware:spring_framework:5.3.13:*:*:*:*:*:*:*, cpe:2.3:a:web_project:web:5.3.13:*:*:*:*:*:*:*",CVE-2022-22970,CWE-770 Allocation of Resources Without Limits or Throttling,"In spring framework versions prior to 5.3.20+ , 5.2.22+ and old unsupported versions, applications that handle file uploads are vulnerable to DoS attack if they rely on data binding to set a MultipartFile or javax.servlet.Part to a field in a model object.",NVD,LOW,3.5,/AV:N/AC:M/Au:S/C:N/I:N/A:P,MEDIUM,5.3,CVSS:3.1/AV:N/AC:H/PR:L/UI:N/S:U/C:N/I:N/A:H/E:1.6/RC:R/MAV:A,"","","",HIGH,39,"","","","","","","",""
dependency-check scan: /home/xcesco/projects/log4shell-vulnerable-app,"Sun, 9 Nov 2025 20:36:42 GMT",vulnerable-app-0.0.1-SNAPSHOT.jar: spring-web-5.3.13.jar,/src/target/vulnerable-app-0.0.1-SNAPSHOT.jar/BOOT-INF/lib/spring-web-5.3.13.jar,Spring Web,"Apache License, Version 2.0: https://www.apache.org/licenses/LICENSE-2.0",b7daa63b26cd3abdabd51806e67af461,66d95a5d2d436961b4cae036723f4c7a764fc14c,pkg:maven/org.springframework/spring-web@5.3.13,"cpe:2.3:a:pivotal_software:spring_framework:5.3.13:*:*:*:*:*:*:*, cpe:2.3:a:springsource:spring_framework:5.3.13:*:*:*:*:*:*:*, cpe:2.3:a:vmware:spring_framework:5.3.13:*:*:*:*:*:*:*, cpe:2.3:a:web_project:web:5.3.13:*:*:*:*:*:*:*",CVE-2024-38820,"NVD-CWE-noinfo, CWE-178 Improper Handling of Case Sensitivity","The fix for CVE-2022-22968 made disallowedFields patterns in DataBinder case insensitive. However, String.toLowerCase() has some Locale dependent exceptions that could potentially result in fields not protected as expected.",NVD,"","","",MEDIUM,5.3,CVSS:3.1/AV:N/AC:L/PR:N/UI:N/S:U/C:N/I:L/A:N/E:3.9/RC:R/MAV:A,"","","",HIGH,39,"","","","","","","",""
dependency-check scan: /home/xcesco/projects/log4shell-vulnerable-app,"Sun, 9 Nov 2025 20:36:42 GMT",vulnerable-app-0.0.1-SNAPSHOT.jar: spring-web-5.3.13.jar,/src/target/vulnerable-app-0.0.1-SNAPSHOT.jar/BOOT-INF/lib/spring-web-5.3.13.jar,Spring Web,"Apache License, Version 2.0: https://www.apache.org/licenses/LICENSE-2.0",b7daa63b26cd3abdabd51806e67af461,66d95a5d2d436961b4cae036723f4c7a764fc14c,pkg:maven/org.springframework/spring-web@5.3.13,"cpe:2.3:a:pivotal_software:spring_framework:5.3.13:*:*:*:*:*:*:*, cpe:2.3:a:springsource:spring_framework:5.3.13:*:*:*:*:*:*:*, cpe:2.3:a:vmware:spring_framework:5.3.13:*:*:*:*:*:*:*, cpe:2.3:a:web_project:web:5.3.13:*:*:*:*:*:*:*",CVE-2021-22060,NVD-CWE-noinfo,"In Spring Framework versions 5.3.0 - 5.3.13, 5.2.0 - 5.2.18, and older unsupported versions, it is possible for a user to provide malicious input to cause the insertion of additional log entries. This is a follow-up to CVE-2021-22096 that protects against additional types of input and in more places of the Spring Framework codebase.",NVD,MEDIUM,4.0,/AV:N/AC:L/Au:S/C:N/I:P/A:N,MEDIUM,4.3,CVSS:3.1/AV:N/AC:L/PR:L/UI:N/S:U/C:N/I:L/A:N/E:2.8/RC:R/MAV:A,"","","",HIGH,39,"","","","","","","",""
dependency-check scan: /home/xcesco/projects/log4shell-vulnerable-app,"Sun, 9 Nov 2025 20:36:42 GMT",vulnerable-app-0.0.1-SNAPSHOT.jar: spring-web-5.3.13.jar,/src/target/vulnerable-app-0.0.1-SNAPSHOT.jar/BOOT-INF/lib/spring-web-5.3.13.jar,Spring Web,"Apache License, Version 2.0: https://www.apache.org/licenses/LICENSE-2.0",b7daa63b26cd3abdabd51806e67af461,66d95a5d2d436961b4cae036723f4c7a764fc14c,pkg:maven/org.springframework/spring-web@5.3.13,"cpe:2.3:a:pivotal_software:spring_framework:5.3.13:*:*:*:*:*:*:*, cpe:2.3:a:springsource:spring_framework:5.3.13:*:*:*:*:*:*:*, cpe:2.3:a:vmware:spring_framework:5.3.13:*:*:*:*:*:*:*, cpe:2.3:a:web_project:web:5.3.13:*:*:*:*:*:*:*",CVE-2024-38808,CWE-770 Allocation of Resources Without Limits or Throttling,"In Spring Framework versions 5.3.0 - 5.3.38 and older unsupported versions, it is possible for a user to provide a specially crafted Spring Expression Language (SpEL) expression that may cause a denial of service (DoS) condition.  Specifically, an application is vulnerable when the following is true:    *  The application evaluates user-supplied SpEL expressions.",NVD,"","","",MEDIUM,4.3,CVSS:3.1/AV:N/AC:L/PR:N/UI:R/S:U/C:N/I:N/A:L/E:2.8/RC:R/MAV:A,"","","",HIGH,39,"","","","","","","",""
dependency-check scan: /home/xcesco/projects/log4shell-vulnerable-app,"Sun, 9 Nov 2025 20:36:42 GMT",vulnerable-app-0.0.1-SNAPSHOT.jar: tomcat-embed-core-9.0.55.jar,/src/target/vulnerable-app-0.0.1-SNAPSHOT.jar/BOOT-INF/lib/tomcat-embed-core-9.0.55.jar,Core Tomcat implementation,"Apache License, Version 2.0: http://www.apache.org/licenses/LICENSE-2.0.txt",4d1167dd28079e2967c58a81a3f63d74,6ab68425d34f35e93cf97e1950c2c710161d8ce1,pkg:maven/org.apache.tomcat.embed/tomcat-embed-core@9.0.55,"cpe:2.3:a:apache:tomcat:9.0.55:*:*:*:*:*:*:*, cpe:2.3:a:apache_tomcat:apache_tomcat:9.0.55:*:*:*:*:*:*:*",CVE-2024-50379,CWE-367 Time-of-check Time-of-use (TOCTOU) Race Condition,"Time-of-check Time-of-use (TOCTOU) Race Condition vulnerability during JSP compilation in Apache Tomcat permits an RCE on case insensitive file systems when the default servlet is enabled for write (non-default configuration).  This issue affects Apache Tomcat: from 11.0.0-M1 through 11.0.1, from 10.1.0-M1 through 10.1.33, from 9.0.0.M1 through 9.0.97.  The following versions were EOL at the time the CVE was created but are  known to be affected: 8.5.0 though 8.5.100. Other, older, EOL versions may also be affected.  Users are recommended to upgrade to version 11.0.2, 10.1.34 or 9.0.98, which fixes the issue.",NVD,"","","",CRITICAL,9.8,CVSS:3.1/AV:N/AC:L/PR:N/UI:N/S:U/C:H/I:H/A:H/E:3.9/RC:R/MAV:A,"","","",HIGH,69,"","","","","","","",""
dependency-check scan: /home/xcesco/projects/log4shell-vulnerable-app,"Sun, 9 Nov 2025 20:36:42 GMT",vulnerable-app-0.0.1-SNAPSHOT.jar: tomcat-embed-core-9.0.55.jar,/src/target/vulnerable-app-0.0.1-SNAPSHOT.jar/BOOT-INF/lib/tomcat-embed-core-9.0.55.jar,Core Tomcat implementation,"Apache License, Version 2.0: http://www.apache.org/licenses/LICENSE-2.0.txt",4d1167dd28079e2967c58a81a3f63d74,6ab68425d34f35e93cf97e1950c2c710161d8ce1,pkg:maven/org.apache.tomcat.embed/tomcat-embed-core@9.0.55,"cpe:2.3:a:apache:tomcat:9.0.55:*:*:*:*:*:*:*, cpe:2.3:a:apache_tomcat:apache_tomcat:9.0.55:*:*:*:*:*:*:*",CVE-2024-52316,"CWE-754 Improper Check for Unusual or Exceptional Conditions, CWE-391 Unchecked Error Condition","Unchecked Error Condition vulnerability in Apache Tomcat. If Tomcat is configured to use a custom Jakarta Authentication (formerly JASPIC) ServerAuthContext component which may throw an exception during the authentication process without explicitly setting an HTTP status to indicate failure, the authentication may not fail, allowing the user to bypass the authentication process. There are no known Jakarta Authentication components that behave in this way.  This issue affects Apache Tomcat: from 11.0.0-M1 through 11.0.0-M26, from 10.1.0-M1 through 10.1.30, from 9.0.0-M1 through 9.0.95.  The following versions were EOL at the time the CVE was created but are  known to be affected: 8.5.0 though 8.5.100. Other EOL versions may also be affected.   Users are recommended to upgrade to version 11.0.0, 10.1.31 or 9.0.96, which fix the issue.",NVD,"","","",CRITICAL,9.8,CVSS:3.1/AV:N/AC:L/PR:N/UI:N/S:U/C:H/I:H/A:H/E:3.9/RC:R/MAV:A,"","","",HIGH,69,"","","","","","","",""
dependency-check scan: /home/xcesco/projects/log4shell-vulnerable-app,"Sun, 9 Nov 2025 20:36:42 GMT",vulnerable-app-0.0.1-SNAPSHOT.jar: tomcat-embed-core-9.0.55.jar,/src/target/vulnerable-app-0.0.1-SNAPSHOT.jar/BOOT-INF/lib/tomcat-embed-core-9.0.55.jar,Core Tomcat implementation,"Apache License, Version 2.0: http://www.apache.org/licenses/LICENSE-2.0.txt",4d1167dd28079e2967c58a81a3f63d74,6ab68425d34f35e93cf97e1950c2c710161d8ce1,pkg:maven/org.apache.tomcat.embed/tomcat-embed-core@9.0.55,"cpe:2.3:a:apache:tomcat:9.0.55:*:*:*:*:*:*:*, cpe:2.3:a:apache_tomcat:apache_tomcat:9.0.55:*:*:*:*:*:*:*",CVE-2024-56337,CWE-367 Time-of-check Time-of-use (TOCTOU) Race Condition,"Time-of-check Time-of-use (TOCTOU) Race Condition vulnerability in Apache Tomcat.  This issue affects Apache Tomcat: from 11.0.0-M1 through 11.0.1, from 10.1.0-M1 through 10.1.33, from 9.0.0.M1 through 9.0.97. The following versions were EOL at the time the CVE was created but are  known to be affected: 8.5.0 though 8.5.100. Other, older, EOL versions  may also be affected.   The mitigation for CVE-2024-50379 was incomplete.  Users running Tomcat on a case insensitive file system with the default servlet write enabled (readonly initialisation  parameter set to the non-default value of false) may need additional configuration to fully mitigate CVE-2024-50379 depending on which version of Java they are using with Tomcat: - running on Java 8 or Java 11: the system property sun.io.useCanonCaches must be explicitly set to false (it defaults to true) - running on Java 17: the system property sun.io.useCanonCaches, if set, must be set to false (it defaults to false) - running on Java 21 onwards: no further configuration is required (the system property and the problematic cache have been removed)  Tomcat 11.0.3, 10.1.35 and 9.0.99 onwards will include checks that sun.io.useCanonCaches is set appropriately before allowing the default servlet to be write enabled on a case insensitive file system. Tomcat will also set sun.io.useCanonCaches to false by default where it can.",NVD,"","","",CRITICAL,9.8,CVSS:3.1/AV:N/AC:L/PR:N/UI:N/S:U/C:H/I:H/A:H/E:3.9/RC:R/MAV:A,"","","",HIGH,69,"","","","","","","",""
dependency-check scan: /home/xcesco/projects/log4shell-vulnerable-app,"Sun, 9 Nov 2025 20:36:42 GMT",vulnerable-app-0.0.1-SNAPSHOT.jar: tomcat-embed-core-9.0.55.jar,/src/target/vulnerable-app-0.0.1-SNAPSHOT.jar/BOOT-INF/lib/tomcat-embed-core-9.0.55.jar,Core Tomcat implementation,"Apache License, Version 2.0: http://www.apache.org/licenses/LICENSE-2.0.txt",4d1167dd28079e2967c58a81a3f63d74,6ab68425d34f35e93cf97e1950c2c710161d8ce1,pkg:maven/org.apache.tomcat.embed/tomcat-embed-core@9.0.55,"cpe:2.3:a:apache:tomcat:9.0.55:*:*:*:*:*:*:*, cpe:2.3:a:apache_tomcat:apache_tomcat:9.0.55:*:*:*:*:*:*:*",CVE-2025-24813,"CWE-44 Path Equivalence: 'file.name' (Internal Dot), CWE-502 Deserialization of Untrusted Data, CWE-706 Use of Incorrectly-Resolved Name or Reference","Path Equivalence: 'file.Name' (Internal Dot) leading to Remote Code Execution and/or Information disclosure and/or malicious content added to uploaded files via write enabled Default Servlet in Apache Tomcat.  This issue affects Apache Tomcat: from 11.0.0-M1 through 11.0.2, from 10.1.0-M1 through 10.1.34, from 9.0.0.M1 through 9.0.98. The following versions were EOL at the time the CVE was created but are  known to be affected: 8.5.0 though 8.5.100. Other, older, EOL versions  may also be affected.   If all of the following were true, a malicious user was able to view       security sensitive files and/or inject content into those files: - writes enabled for the default servlet (disabled by default) - support for partial PUT (enabled by default) - a target URL for security sensitive uploads that was a sub-directory of a target URL for public uploads - attacker knowledge of the names of security sensitive files being uploaded - the security sensitive files also being uploaded via partial PUT  If all of the following were true, a malicious user was able to       perform remote code execution: - writes enabled for the default servlet (disabled by default) - support for partial PUT (enabled by default) - application was using Tomcat's file based session persistence with the default storage location - application included a library that may be leveraged in a deserialization attack  Users are recommended to upgrade to version 11.0.3, 10.1.35 or 9.0.99, which fixes the issue.",NVD,"","","",CRITICAL,9.8,CVSS:3.1/AV:N/AC:L/PR:N/UI:N/S:U/C:H/I:H/A:H/E:3.9/RC:R/MAV:A,"","","",HIGH,69,Apache,Tomcat,Apache Tomcat Path Equivalence Vulnerability,2025-04-01,"Apache Tomcat contains a path equivalence vulnerability that allows a remote attacker to execute code, disclose information, or inject malicious content via a partial PUT request.","Apply mitigations per vendor instructions, follow applicable BOD 22-01 guidance for cloud services, or discontinue use of the product if mitigations are unavailable.",2025-04-22,"This vulnerability affects a common open-source component, third-party library, or a protocol used by different products. Please check with specific vendors for information on patching status. For more information, please see: https://lists.apache.org/thread/j5fkjv2k477os90nczf2v9l61fb0kkgq ; https://nvd.nist.gov/vuln/detail/CVE-2025-24813"
dependency-check scan: /home/xcesco/projects/log4shell-vulnerable-app,"Sun, 9 Nov 2025 20:36:42 GMT",vulnerable-app-0.0.1-SNAPSHOT.jar: tomcat-embed-core-9.0.55.jar,/src/target/vulnerable-app-0.0.1-SNAPSHOT.jar/BOOT-INF/lib/tomcat-embed-core-9.0.55.jar,Core Tomcat implementation,"Apache License, Version 2.0: http://www.apache.org/licenses/LICENSE-2.0.txt",4d1167dd28079e2967c58a81a3f63d74,6ab68425d34f35e93cf97e1950c2c710161d8ce1,pkg:maven/org.apache.tomcat.embed/tomcat-embed-core@9.0.55,"cpe:2.3:a:apache:tomcat:9.0.55:*:*:*:*:*:*:*, cpe:2.3:a:apache_tomcat:apache_tomcat:9.0.55:*:*:*:*:*:*:*",CVE-2025-31651,CWE-116 Improper Encoding or Escaping of Output,"Improper Neutralization of Escape, Meta, or Control Sequences vulnerability in Apache Tomcat. For a subset of unlikely rewrite rule configurations, it was possible  for a specially crafted request to bypass some rewrite rules. If those  rewrite rules effectively enforced security constraints, those  constraints could be bypassed.  This issue affects Apache Tomcat: from 11.0.0-M1 through 11.0.5, from 10.1.0-M1 through 10.1.39, from 9.0.0.M1 through 9.0.102. The following versions were EOL at the time the CVE was created but are  known to be affected: 8.5.0 though 8.5.100. Other, older, EOL versions  may also be affected.   Users are recommended to upgrade to version [FIXED_VERSION], which fixes the issue.",NVD,"","","",CRITICAL,9.8,CVSS:3.1/AV:N/AC:L/PR:N/UI:N/S:U/C:H/I:H/A:H/E:3.9/RC:R/MAV:A,"","","",HIGH,69,"","","","","","","",""
dependency-check scan: /home/xcesco/projects/log4shell-vulnerable-app,"Sun, 9 Nov 2025 20:36:42 GMT",vulnerable-app-0.0.1-SNAPSHOT.jar: tomcat-embed-core-9.0.55.jar,/src/target/vulnerable-app-0.0.1-SNAPSHOT.jar/BOOT-INF/lib/tomcat-embed-core-9.0.55.jar,Core Tomcat implementation,"Apache License, Version 2.0: http://www.apache.org/licenses/LICENSE-2.0.txt",4d1167dd28079e2967c58a81a3f63d74,6ab68425d34f35e93cf97e1950c2c710161d8ce1,pkg:maven/org.apache.tomcat.embed/tomcat-embed-core@9.0.55,"cpe:2.3:a:apache:tomcat:9.0.55:*:*:*:*:*:*:*, cpe:2.3:a:apache_tomcat:apache_tomcat:9.0.55:*:*:*:*:*:*:*",CVE-2025-49124,CWE-426 Untrusted Search Path,"Untrusted Search Path vulnerability in Apache Tomcat installer for Windows. During installation, the Tomcat installer for Windows used icacls.exe without specifying a full path.  This issue affects Apache Tomcat: from 11.0.0-M1 through 11.0.7, from 10.1.0 through 10.1.41, from 9.0.23 through 9.0.105. The following versions were EOL at the time the CVE was created but are  known to be affected: 8.5.0 through 8.5.100 and 7.0.95 through 7.0.109. Other EOL versions may also be affected.   Users are recommended to upgrade to version 11.0.8, 10.1.42 or 9.0.106, which fix the issue.",NVD,"","","",HIGH,8.4,CVSS:3.1/AV:L/AC:L/PR:N/UI:N/S:U/C:H/I:H/A:H/E:2.5/RC:R/MAV:A,"","","",HIGH,69,"","","","","","","",""
dependency-check scan: /home/xcesco/projects/log4shell-vulnerable-app,"Sun, 9 Nov 2025 20:36:42 GMT",vulnerable-app-0.0.1-SNAPSHOT.jar: tomcat-embed-core-9.0.55.jar,/src/target/vulnerable-app-0.0.1-SNAPSHOT.jar/BOOT-INF/lib/tomcat-embed-core-9.0.55.jar,Core Tomcat implementation,"Apache License, Version 2.0: http://www.apache.org/licenses/LICENSE-2.0.txt",4d1167dd28079e2967c58a81a3f63d74,6ab68425d34f35e93cf97e1950c2c710161d8ce1,pkg:maven/org.apache.tomcat.embed/tomcat-embed-core@9.0.55,"cpe:2.3:a:apache:tomcat:9.0.55:*:*:*:*:*:*:*, cpe:2.3:a:apache_tomcat:apache_tomcat:9.0.55:*:*:*:*:*:*:*",CVE-2022-29885,"CWE-400 Uncontrolled Resource Consumption, NVD-CWE-noinfo","The documentation of Apache Tomcat 10.1.0-M1 to 10.1.0-M14, 10.0.0-M1 to 10.0.20, 9.0.13 to 9.0.62 and 8.5.38 to 8.5.78 for the EncryptInterceptor incorrectly stated it enabled Tomcat clustering to run over an untrusted network. This was not correct. While the EncryptInterceptor does provide confidentiality and integrity protection, it does not protect against all risks associated with running over any untrusted network, particularly DoS risks.",NVD,MEDIUM,5.0,/AV:N/AC:L/Au:N/C:N/I:N/A:P,HIGH,7.5,CVSS:3.1/AV:N/AC:L/PR:N/UI:N/S:U/C:N/I:N/A:H/E:3.9/RC:R/MAV:A,"","","",HIGH,69,"","","","","","","",""
dependency-check scan: /home/xcesco/projects/log4shell-vulnerable-app,"Sun, 9 Nov 2025 20:36:42 GMT",vulnerable-app-0.0.1-SNAPSHOT.jar: tomcat-embed-core-9.0.55.jar,/src/target/vulnerable-app-0.0.1-SNAPSHOT.jar/BOOT-INF/lib/tomcat-embed-core-9.0.55.jar,Core Tomcat implementation,"Apache License, Version 2.0: http://www.apache.org/licenses/LICENSE-2.0.txt",4d1167dd28079e2967c58a81a3f63d74,6ab68425d34f35e93cf97e1950c2c710161d8ce1,pkg:maven/org.apache.tomcat.embed/tomcat-embed-core@9.0.55,"cpe:2.3:a:apache:tomcat:9.0.55:*:*:*:*:*:*:*, cpe:2.3:a:apache_tomcat:apache_tomcat:9.0.55:*:*:*:*:*:*:*",CVE-2022-42252,CWE-444 Inconsistent Interpretation of HTTP Requests ('HTTP Request/Response Smuggling'),"If Apache Tomcat 8.5.0 to 8.5.82, 9.0.0-M1 to 9.0.67, 10.0.0-M1 to 10.0.26 or 10.1.0-M1 to 10.1.0 was configured to ignore invalid HTTP headers via setting rejectIllegalHeader to false (the default for 8.5.x only), Tomcat did not reject a request containing an invalid Content-Length header making a request smuggling attack possible if Tomcat was located behind a reverse proxy that also failed to reject the request with the invalid header.",NVD,"","","",HIGH,7.5,CVSS:3.1/AV:N/AC:L/PR:N/UI:N/S:U/C:N/I:H/A:N/E:3.9/RC:R/MAV:A,"","","",HIGH,69,"","","","","","","",""
dependency-check scan: /home/xcesco/projects/log4shell-vulnerable-app,"Sun, 9 Nov 2025 20:36:42 GMT",vulnerable-app-0.0.1-SNAPSHOT.jar: tomcat-embed-core-9.0.55.jar,/src/target/vulnerable-app-0.0.1-SNAPSHOT.jar/BOOT-INF/lib/tomcat-embed-core-9.0.55.jar,Core Tomcat implementation,"Apache License, Version 2.0: http://www.apache.org/licenses/LICENSE-2.0.txt",4d1167dd28079e2967c58a81a3f63d74,6ab68425d34f35e93cf97e1950c2c710161d8ce1,pkg:maven/org.apache.tomcat.embed/tomcat-embed-core@9.0.55,"cpe:2.3:a:apache:tomcat:9.0.55:*:*:*:*:*:*:*, cpe:2.3:a:apache_tomcat:apache_tomcat:9.0.55:*:*:*:*:*:*:*",CVE-2022-45143,CWE-116 Improper Encoding or Escaping of Output,"The JsonErrorReportValve in Apache Tomcat 8.5.83, 9.0.40 to 9.0.68 and 10.1.0-M1 to 10.1.1 did not escape the type, message or description values. In some circumstances these are constructed from user provided data and it was therefore possible for users to supply values that invalidated or manipulated the JSON output.",NVD,"","","",HIGH,7.5,CVSS:3.1/AV:N/AC:L/PR:N/UI:N/S:U/C:N/I:H/A:N/E:3.9/RC:R/MAV:A,"","","",HIGH,69,"","","","","","","",""
dependency-check scan: /home/xcesco/projects/log4shell-vulnerable-app,"Sun, 9 Nov 2025 20:36:42 GMT",vulnerable-app-0.0.1-SNAPSHOT.jar: tomcat-embed-core-9.0.55.jar,/src/target/vulnerable-app-0.0.1-SNAPSHOT.jar/BOOT-INF/lib/tomcat-embed-core-9.0.55.jar,Core Tomcat implementation,"Apache License, Version 2.0: http://www.apache.org/licenses/LICENSE-2.0.txt",4d1167dd28079e2967c58a81a3f63d74,6ab68425d34f35e93cf97e1950c2c710161d8ce1,pkg:maven/org.apache.tomcat.embed/tomcat-embed-core@9.0.55,"cpe:2.3:a:apache:tomcat:9.0.55:*:*:*:*:*:*:*, cpe:2.3:a:apache_tomcat:apache_tomcat:9.0.55:*:*:*:*:*:*:*",CVE-2023-44487,"CWE-400 Uncontrolled Resource Consumption, NVD-CWE-noinfo","The HTTP/2 protocol allows a denial of service (server resource consumption) because request cancellation can reset many streams quickly, as exploited in the wild in August through October 2023.",NVD,"","","",HIGH,7.5,CVSS:3.1/AV:N/AC:L/PR:N/UI:N/S:U/C:N/I:N/A:H/E:3.9/RC:R/MAV:A,"","","",HIGH,69,IETF,HTTP/2,HTTP/2 Rapid Reset Attack Vulnerability,2023-10-10,HTTP/2 contains a rapid reset vulnerability that allows for a distributed denial-of-service attack (DDoS).,"Apply mitigations per vendor instructions, follow applicable BOD 22-01 guidance for cloud services, or discontinue use of the product if mitigations are unavailable.",2023-10-31,"This vulnerability affects a common open-source component, third-party library, or protocol used by different products. For more information, please see: HTTP/2 Rapid Reset Vulnerability, CVE-2023-44487 | CISA: https://www.cisa.gov/news-events/alerts/2023/10/10/http2-rapid-reset-vulnerability-cve-2023-44487; https://blog.cloudflare.com/technical-breakdown-http2-rapid-reset-ddos-attack/;  https://nvd.nist.gov/vuln/detail/CVE-2023-44487"
dependency-check scan: /home/xcesco/projects/log4shell-vulnerable-app,"Sun, 9 Nov 2025 20:36:42 GMT",vulnerable-app-0.0.1-SNAPSHOT.jar: tomcat-embed-core-9.0.55.jar,/src/target/vulnerable-app-0.0.1-SNAPSHOT.jar/BOOT-INF/lib/tomcat-embed-core-9.0.55.jar,Core Tomcat implementation,"Apache License, Version 2.0: http://www.apache.org/licenses/LICENSE-2.0.txt",4d1167dd28079e2967c58a81a3f63d74,6ab68425d34f35e93cf97e1950c2c710161d8ce1,pkg:maven/org.apache.tomcat.embed/tomcat-embed-core@9.0.55,"cpe:2.3:a:apache:tomcat:9.0.55:*:*:*:*:*:*:*, cpe:2.3:a:apache_tomcat:apache_tomcat:9.0.55:*:*:*:*:*:*:*",CVE-2023-46589,CWE-444 Inconsistent Interpretation of HTTP Requests ('HTTP Request/Response Smuggling'),"Improper Input Validation vulnerability in Apache Tomcat.Tomcat from 11.0.0-M1 through 11.0.0-M10, from 10.1.0-M1 through 10.1.15, from 9.0.0-M1 through 9.0.82 and from 8.5.0 through 8.5.95 did not correctly parse HTTP trailer headers. A trailer header that exceeded the header size limit could cause Tomcat to treat a single  request as multiple requests leading to the possibility of request  smuggling when behind a reverse proxy.   Older, EOL versions may also be affected.   Users are recommended to upgrade to version 11.0.0-M11 onwards, 10.1.16 onwards, 9.0.83 onwards or 8.5.96 onwards, which fix the issue.",NVD,"","","",HIGH,7.5,CVSS:3.1/AV:N/AC:L/PR:N/UI:N/S:U/C:N/I:H/A:N/E:3.9/RC:R/MAV:A,"","","",HIGH,69,"","","","","","","",""
dependency-check scan: /home/xcesco/projects/log4shell-vulnerable-app,"Sun, 9 Nov 2025 20:36:42 GMT",vulnerable-app-0.0.1-SNAPSHOT.jar: tomcat-embed-core-9.0.55.jar,/src/target/vulnerable-app-0.0.1-SNAPSHOT.jar/BOOT-INF/lib/tomcat-embed-core-9.0.55.jar,Core Tomcat implementation,"Apache License, Version 2.0: http://www.apache.org/licenses/LICENSE-2.0.txt",4d1167dd28079e2967c58a81a3f63d74,6ab68425d34f35e93cf97e1950c2c710161d8ce1,pkg:maven/org.apache.tomcat.embed/tomcat-embed-core@9.0.55,"cpe:2.3:a:apache:tomcat:9.0.55:*:*:*:*:*:*:*, cpe:2.3:a:apache_tomcat:apache_tomcat:9.0.55:*:*:*:*:*:*:*",CVE-2024-24549,"CWE-20 Improper Input Validation, NVD-CWE-noinfo","Denial of Service due to improper input validation vulnerability for HTTP/2 requests in Apache Tomcat. When processing an HTTP/2 request, if the request exceeded any of the configured limits for headers, the associated HTTP/2 stream was not reset until after all of the headers had been processed.This issue affects Apache Tomcat: from 11.0.0-M1 through 11.0.0-M16, from 10.1.0-M1 through 10.1.18, from 9.0.0-M1 through 9.0.85, from 8.5.0 through 8.5.98. Other, older, EOL versions may also be affected.  Users are recommended to upgrade to version 11.0.0-M17, 10.1.19, 9.0.86 or 8.5.99 which fix the issue.",NVD,"","","",HIGH,7.5,CVSS:3.1/AV:N/AC:L/PR:N/UI:N/S:U/C:N/I:N/A:H/E:3.9/RC:R/MAV:A,"","","",HIGH,69,"","","","","","","",""
dependency-check scan: /home/xcesco/projects/log4shell-vulnerable-app,"Sun, 9 Nov 2025 20:36:42 GMT",vulnerable-app-0.0.1-SNAPSHOT.jar: tomcat-embed-core-9.0.55.jar,/src/target/vulnerable-app-0.0.1-SNAPSHOT.jar/BOOT-INF/lib/tomcat-embed-core-9.0.55.jar,Core Tomcat implementation,"Apache License, Version 2.0: http://www.apache.org/licenses/LICENSE-2.0.txt",4d1167dd28079e2967c58a81a3f63d74,6ab68425d34f35e93cf97e1950c2c710161d8ce1,pkg:maven/org.apache.tomcat.embed/tomcat-embed-core@9.0.55,"cpe:2.3:a:apache:tomcat:9.0.55:*:*:*:*:*:*:*, cpe:2.3:a:apache_tomcat:apache_tomcat:9.0.55:*:*:*:*:*:*:*",CVE-2024-34750,"CWE-400 Uncontrolled Resource Consumption, CWE-755 Improper Handling of Exceptional Conditions","Improper Handling of Exceptional Conditions, Uncontrolled Resource Consumption vulnerability in Apache Tomcat. When processing an HTTP/2 stream, Tomcat did not handle some cases of excessive HTTP headers correctly. This led to a miscounting of active HTTP/2 streams which in turn led to the use of an incorrect infinite timeout which allowed connections to remain open which should have been closed.  This issue affects Apache Tomcat: from 11.0.0-M1 through 11.0.0-M20, from 10.1.0-M1 through 10.1.24, from 9.0.0-M1 through 9.0.89.  The following versions were EOL at the time the CVE was created but are  known to be affected: 8.5.0 though 8.5.100. Other EOL versions may also be affected.   Users are recommended to upgrade to version 11.0.0-M21, 10.1.25 or 9.0.90, which fixes the issue.",NVD,"","","",HIGH,7.5,CVSS:3.1/AV:N/AC:L/PR:N/UI:N/S:U/C:N/I:N/A:H/E:3.9/RC:R/MAV:A,"","","",HIGH,69,"","","","","","","",""
dependency-check scan: /home/xcesco/projects/log4shell-vulnerable-app,"Sun, 9 Nov 2025 20:36:42 GMT",vulnerable-app-0.0.1-SNAPSHOT.jar: tomcat-embed-core-9.0.55.jar,/src/target/vulnerable-app-0.0.1-SNAPSHOT.jar/BOOT-INF/lib/tomcat-embed-core-9.0.55.jar,Core Tomcat implementation,"Apache License, Version 2.0: http://www.apache.org/licenses/LICENSE-2.0.txt",4d1167dd28079e2967c58a81a3f63d74,6ab68425d34f35e93cf97e1950c2c710161d8ce1,pkg:maven/org.apache.tomcat.embed/tomcat-embed-core@9.0.55,"cpe:2.3:a:apache:tomcat:9.0.55:*:*:*:*:*:*:*, cpe:2.3:a:apache_tomcat:apache_tomcat:9.0.55:*:*:*:*:*:*:*",CVE-2024-38286,CWE-770 Allocation of Resources Without Limits or Throttling,"Allocation of Resources Without Limits or Throttling vulnerability in Apache Tomcat.  This issue affects Apache Tomcat: from 11.0.0-M1 through 11.0.0-M20, from 10.1.0-M1 through 10.1.24, from 9.0.13 through 9.0.89.   The following versions were EOL at the time the CVE was created but are  known to be affected: 8.5.35 through 8.5.100 and 7.0.92 through 7.0.109. Other EOL versions may also be affected.   Users are recommended to upgrade to version 11.0.0-M21, 10.1.25, or 9.0.90, which fixes the issue.    Apache Tomcat, under certain configurations on any platform, allows an attacker to cause an OutOfMemoryError by abusing the TLS handshake process.",NVD,"","","",HIGH,7.5,CVSS:3.1/AV:N/AC:L/PR:N/UI:N/S:U/C:N/I:N/A:H/E:3.9/RC:R/MAV:A,"","","",HIGH,69,"","","","","","","",""
dependency-check scan: /home/xcesco/projects/log4shell-vulnerable-app,"Sun, 9 Nov 2025 20:36:42 GMT",vulnerable-app-0.0.1-SNAPSHOT.jar: tomcat-embed-core-9.0.55.jar,/src/target/vulnerable-app-0.0.1-SNAPSHOT.jar/BOOT-INF/lib/tomcat-embed-core-9.0.55.jar,Core Tomcat implementation,"Apache License, Version 2.0: http://www.apache.org/licenses/LICENSE-2.0.txt",4d1167dd28079e2967c58a81a3f63d74,6ab68425d34f35e93cf97e1950c2c710161d8ce1,pkg:maven/org.apache.tomcat.embed/tomcat-embed-core@9.0.55,"cpe:2.3:a:apache:tomcat:9.0.55:*:*:*:*:*:*:*, cpe:2.3:a:apache_tomcat:apache_tomcat:9.0.55:*:*:*:*:*:*:*",CVE-2025-48988,CWE-770 Allocation of Resources Without Limits or Throttling,"Allocation of Resources Without Limits or Throttling vulnerability in Apache Tomcat.  This issue affects Apache Tomcat: from 11.0.0-M1 through 11.0.7, from 10.1.0-M1 through 10.1.41, from 9.0.0.M1 through 9.0.105. The following versions were EOL at the time the CVE was created but are  known to be affected: 8.5.0 though 8.5.100. Other, older, EOL versions  may also be affected.   Users are recommended to upgrade to version 11.0.8, 10.1.42 or 9.0.106, which fix the issue.",NVD,"","","",HIGH,7.5,CVSS:3.1/AV:N/AC:L/PR:N/UI:N/S:U/C:N/I:N/A:H/E:3.9/RC:R/MAV:A,"","","",HIGH,69,"","","","","","","",""
dependency-check scan: /home/xcesco/projects/log4shell-vulnerable-app,"Sun, 9 Nov 2025 20:36:42 GMT",vulnerable-app-0.0.1-SNAPSHOT.jar: tomcat-embed-core-9.0.55.jar,/src/target/vulnerable-app-0.0.1-SNAPSHOT.jar/BOOT-INF/lib/tomcat-embed-core-9.0.55.jar,Core Tomcat implementation,"Apache License, Version 2.0: http://www.apache.org/licenses/LICENSE-2.0.txt",4d1167dd28079e2967c58a81a3f63d74,6ab68425d34f35e93cf97e1950c2c710161d8ce1,pkg:maven/org.apache.tomcat.embed/tomcat-embed-core@9.0.55,"cpe:2.3:a:apache:tomcat:9.0.55:*:*:*:*:*:*:*, cpe:2.3:a:apache_tomcat:apache_tomcat:9.0.55:*:*:*:*:*:*:*",CVE-2025-48989,CWE-404 Improper Resource Shutdown or Release,"Improper Resource Shutdown or Release vulnerability in Apache Tomcat made Tomcat vulnerable to the made you reset attack.  This issue affects Apache Tomcat: from 11.0.0-M1 through 11.0.9, from 10.1.0-M1 through 10.1.43 and from 9.0.0.M1 through 9.0.107. Older, EOL versions may also be affected.  Users are recommended to upgrade to one of versions 11.0.10, 10.1.44 or 9.0.108 which fix the issue.",NVD,"","","",HIGH,7.5,CVSS:3.1/AV:N/AC:L/PR:N/UI:N/S:U/C:N/I:N/A:H/E:3.9/RC:R/MAV:A,"","","",HIGH,69,"","","","","","","",""
dependency-check scan: /home/xcesco/projects/log4shell-vulnerable-app,"Sun, 9 Nov 2025 20:36:42 GMT",vulnerable-app-0.0.1-SNAPSHOT.jar: tomcat-embed-core-9.0.55.jar,/src/target/vulnerable-app-0.0.1-SNAPSHOT.jar/BOOT-INF/lib/tomcat-embed-core-9.0.55.jar,Core Tomcat implementation,"Apache License, Version 2.0: http://www.apache.org/licenses/LICENSE-2.0.txt",4d1167dd28079e2967c58a81a3f63d74,6ab68425d34f35e93cf97e1950c2c710161d8ce1,pkg:maven/org.apache.tomcat.embed/tomcat-embed-core@9.0.55,"cpe:2.3:a:apache:tomcat:9.0.55:*:*:*:*:*:*:*, cpe:2.3:a:apache_tomcat:apache_tomcat:9.0.55:*:*:*:*:*:*:*",CVE-2025-49125,CWE-288 Authentication Bypass Using an Alternate Path or Channel,"Authentication Bypass Using an Alternate Path or Channel vulnerability in Apache Tomcat.  When using PreResources or PostResources mounted other than at the root of the web application, it was possible to access those resources via an unexpected path. That path was likely not to be protected by the same security constraints as the expected path, allowing those security constraints to be bypassed.  This issue affects Apache Tomcat: from 11.0.0-M1 through 11.0.7, from 10.1.0-M1 through 10.1.41, from 9.0.0.M1 through 9.0.105. The following versions were EOL at the time the CVE was created but are  known to be affected: 8.5.0 through 8.5.100. Other, older, EOL versions  may also be affected.   Users are recommended to upgrade to version 11.0.8, 10.1.42 or 9.0.106, which fix the issue.",NVD,"","","",HIGH,7.5,CVSS:3.1/AV:N/AC:L/PR:N/UI:N/S:U/C:H/I:N/A:N/E:3.9/RC:R/MAV:A,"","","",HIGH,69,"","","","","","","",""
dependency-check scan: /home/xcesco/projects/log4shell-vulnerable-app,"Sun, 9 Nov 2025 20:36:42 GMT",vulnerable-app-0.0.1-SNAPSHOT.jar: tomcat-embed-core-9.0.55.jar,/src/target/vulnerable-app-0.0.1-SNAPSHOT.jar/BOOT-INF/lib/tomcat-embed-core-9.0.55.jar,Core Tomcat implementation,"Apache License, Version 2.0: http://www.apache.org/licenses/LICENSE-2.0.txt",4d1167dd28079e2967c58a81a3f63d74,6ab68425d34f35e93cf97e1950c2c710161d8ce1,pkg:maven/org.apache.tomcat.embed/tomcat-embed-core@9.0.55,"cpe:2.3:a:apache:tomcat:9.0.55:*:*:*:*:*:*:*, cpe:2.3:a:apache_tomcat:apache_tomcat:9.0.55:*:*:*:*:*:*:*",CVE-2025-52434,CWE-362 Concurrent Execution using Shared Resource with Improper Synchronization ('Race Condition'),"Concurrent Execution using Shared Resource with Improper Synchronization ('Race Condition') vulnerability in Apache Tomcat when using the APR/Native connector. This was particularly noticeable with client initiated closes of HTTP/2 connections.  This issue affects Apache Tomcat: from 9.0.0.M1 through 9.0.106. The following versions were EOL at the time the CVE was created but are  known to be affected: 8.5.0 through 8.5.100. Other, older, EOL versions  may also be affected.   Users are recommended to upgrade to version 9.0.107, which fixes the issue.",NVD,"","","",HIGH,7.5,CVSS:3.1/AV:N/AC:L/PR:N/UI:N/S:U/C:N/I:N/A:H/E:3.9/RC:R/MAV:A,"","","",HIGH,69,"","","","","","","",""
dependency-check scan: /home/xcesco/projects/log4shell-vulnerable-app,"Sun, 9 Nov 2025 20:36:42 GMT",vulnerable-app-0.0.1-SNAPSHOT.jar: tomcat-embed-core-9.0.55.jar,/src/target/vulnerable-app-0.0.1-SNAPSHOT.jar/BOOT-INF/lib/tomcat-embed-core-9.0.55.jar,Core Tomcat implementation,"Apache License, Version 2.0: http://www.apache.org/licenses/LICENSE-2.0.txt",4d1167dd28079e2967c58a81a3f63d74,6ab68425d34f35e93cf97e1950c2c710161d8ce1,pkg:maven/org.apache.tomcat.embed/tomcat-embed-core@9.0.55,"cpe:2.3:a:apache:tomcat:9.0.55:*:*:*:*:*:*:*, cpe:2.3:a:apache_tomcat:apache_tomcat:9.0.55:*:*:*:*:*:*:*",CVE-2025-52520,CWE-190 Integer Overflow or Wraparound,"For some unlikely configurations of multipart upload, an Integer Overflow vulnerability in Apache Tomcat could lead to a DoS via bypassing of size limits.  This issue affects Apache Tomcat: from 11.0.0-M1 through 11.0.8, from 10.1.0-M1 through 10.1.42, from 9.0.0.M1 through 9.0.106. The following versions were EOL at the time the CVE was created but are  known to be affected: 8.5.0 through 8.5.100. Other, older, EOL versions  may also be affected.   Users are recommended to upgrade to version 11.0.9, 10.1.43 or 9.0.107, which fix the issue.",NVD,"","","",HIGH,7.5,CVSS:3.1/AV:N/AC:L/PR:N/UI:N/S:U/C:N/I:N/A:H/E:3.9/RC:R/MAV:A,"","","",HIGH,69,"","","","","","","",""
dependency-check scan: /home/xcesco/projects/log4shell-vulnerable-app,"Sun, 9 Nov 2025 20:36:42 GMT",vulnerable-app-0.0.1-SNAPSHOT.jar: tomcat-embed-core-9.0.55.jar,/src/target/vulnerable-app-0.0.1-SNAPSHOT.jar/BOOT-INF/lib/tomcat-embed-core-9.0.55.jar,Core Tomcat implementation,"Apache License, Version 2.0: http://www.apache.org/licenses/LICENSE-2.0.txt",4d1167dd28079e2967c58a81a3f63d74,6ab68425d34f35e93cf97e1950c2c710161d8ce1,pkg:maven/org.apache.tomcat.embed/tomcat-embed-core@9.0.55,"cpe:2.3:a:apache:tomcat:9.0.55:*:*:*:*:*:*:*, cpe:2.3:a:apache_tomcat:apache_tomcat:9.0.55:*:*:*:*:*:*:*",CVE-2025-53506,CWE-400 Uncontrolled Resource Consumption,"Uncontrolled Resource Consumption vulnerability in Apache Tomcat if an HTTP/2 client did not acknowledge the initial settings frame that reduces the maximum permitted concurrent streams.  This issue affects Apache Tomcat: from 11.0.0-M1 through 11.0.8, from 10.1.0-M1 through 10.1.42, from 9.0.0.M1 through 9.0.106. The following versions were EOL at the time the CVE was created but are  known to be affected: 8.5.0 through 8.5.100. Other EOL versions may also be affected.   Users are recommended to upgrade to version 11.0.9, 10.1.43 or 9.0.107, which fix the issue.",NVD,"","","",HIGH,7.5,CVSS:3.1/AV:N/AC:L/PR:N/UI:N/S:U/C:N/I:N/A:H/E:3.9/RC:R/MAV:A,"","","",HIGH,69,"","","","","","","",""
dependency-check scan: /home/xcesco/projects/log4shell-vulnerable-app,"Sun, 9 Nov 2025 20:36:42 GMT",vulnerable-app-0.0.1-SNAPSHOT.jar: tomcat-embed-core-9.0.55.jar,/src/target/vulnerable-app-0.0.1-SNAPSHOT.jar/BOOT-INF/lib/tomcat-embed-core-9.0.55.jar,Core Tomcat implementation,"Apache License, Version 2.0: http://www.apache.org/licenses/LICENSE-2.0.txt",4d1167dd28079e2967c58a81a3f63d74,6ab68425d34f35e93cf97e1950c2c710161d8ce1,pkg:maven/org.apache.tomcat.embed/tomcat-embed-core@9.0.55,"cpe:2.3:a:apache:tomcat:9.0.55:*:*:*:*:*:*:*, cpe:2.3:a:apache_tomcat:apache_tomcat:9.0.55:*:*:*:*:*:*:*",CVE-2025-46701,CWE-178 Improper Handling of Case Sensitivity,"Improper Handling of Case Sensitivity vulnerability in Apache Tomcat's GCI servlet allows security constraint bypass of security constraints that apply to the pathInfo component of a URI mapped to the CGI servlet.  This issue affects Apache Tomcat: from 11.0.0-M1 through 11.0.6, from 10.1.0-M1 through 10.1.40, from 9.0.0.M1 through 9.0.104. The following versions were EOL at the time the CVE was created but are  known to be affected: 8.5.0 though 8.5.100. Other, older, EOL versions  may also be affected.   Users are recommended to upgrade to version 11.0.7, 10.1.41 or 9.0.105, which fixes the issue.",NVD,"","","",HIGH,7.3,CVSS:3.1/AV:N/AC:L/PR:N/UI:N/S:U/C:L/I:L/A:L/E:3.9/RC:R/MAV:A,"","","",HIGH,69,"","","","","","","",""
dependency-check scan: /home/xcesco/projects/log4shell-vulnerable-app,"Sun, 9 Nov 2025 20:36:42 GMT",vulnerable-app-0.0.1-SNAPSHOT.jar: tomcat-embed-core-9.0.55.jar,/src/target/vulnerable-app-0.0.1-SNAPSHOT.jar/BOOT-INF/lib/tomcat-embed-core-9.0.55.jar,Core Tomcat implementation,"Apache License, Version 2.0: http://www.apache.org/licenses/LICENSE-2.0.txt",4d1167dd28079e2967c58a81a3f63d74,6ab68425d34f35e93cf97e1950c2c710161d8ce1,pkg:maven/org.apache.tomcat.embed/tomcat-embed-core@9.0.55,"cpe:2.3:a:apache:tomcat:9.0.55:*:*:*:*:*:*:*, cpe:2.3:a:apache_tomcat:apache_tomcat:9.0.55:*:*:*:*:*:*:*",CVE-2022-23181,CWE-367 Time-of-check Time-of-use (TOCTOU) Race Condition,"The fix for bug CVE-2020-9484 introduced a time of check, time of use vulnerability into Apache Tomcat 10.1.0-M1 to 10.1.0-M8, 10.0.0-M5 to 10.0.14, 9.0.35 to 9.0.56 and 8.5.55 to 8.5.73 that allowed a local attacker to perform actions with the privileges of the user that the Tomcat process is using. This issue is only exploitable when Tomcat is configured to persist sessions using the FileStore.",NVD,LOW,3.7,/AV:L/AC:H/Au:N/C:P/I:P/A:P,HIGH,7.0,CVSS:3.1/AV:L/AC:H/PR:L/UI:N/S:U/C:H/I:H/A:H/E:1.0/RC:R/MAV:A,"","","",HIGH,69,"","","","","","","",""
dependency-check scan: /home/xcesco/projects/log4shell-vulnerable-app,"Sun, 9 Nov 2025 20:36:42 GMT",vulnerable-app-0.0.1-SNAPSHOT.jar: tomcat-embed-core-9.0.55.jar,/src/target/vulnerable-app-0.0.1-SNAPSHOT.jar/BOOT-INF/lib/tomcat-embed-core-9.0.55.jar,Core Tomcat implementation,"Apache License, Version 2.0: http://www.apache.org/licenses/LICENSE-2.0.txt",4d1167dd28079e2967c58a81a3f63d74,6ab68425d34f35e93cf97e1950c2c710161d8ce1,pkg:maven/org.apache.tomcat.embed/tomcat-embed-core@9.0.55,"cpe:2.3:a:apache:tomcat:9.0.55:*:*:*:*:*:*:*, cpe:2.3:a:apache_tomcat:apache_tomcat:9.0.55:*:*:*:*:*:*:*",CVE-2025-55668,CWE-384 Session Fixation,"Session Fixation vulnerability in Apache Tomcat via rewrite valve.  This issue affects Apache Tomcat: from 11.0.0-M1 through 11.0.7, from 10.1.0-M1 through 10.1.41, from 9.0.0.M1 through 9.0.105. Older, EOL versions may also be affected.  Users are recommended to upgrade to version 11.0.8, 10.1.42 or 9.0.106, which fix the issue.",NVD,"","","",MEDIUM,6.5,CVSS:3.1/AV:N/AC:L/PR:N/UI:R/S:U/C:H/I:N/A:N/E:2.8/RC:R/MAV:A,"","","",HIGH,69,"","","","","","","",""
dependency-check scan: /home/xcesco/projects/log4shell-vulnerable-app,"Sun, 9 Nov 2025 20:36:42 GMT",vulnerable-app-0.0.1-SNAPSHOT.jar: tomcat-embed-core-9.0.55.jar,/src/target/vulnerable-app-0.0.1-SNAPSHOT.jar/BOOT-INF/lib/tomcat-embed-core-9.0.55.jar,Core Tomcat implementation,"Apache License, Version 2.0: http://www.apache.org/licenses/LICENSE-2.0.txt",4d1167dd28079e2967c58a81a3f63d74,6ab68425d34f35e93cf97e1950c2c710161d8ce1,pkg:maven/org.apache.tomcat.embed/tomcat-embed-core@9.0.55,"cpe:2.3:a:apache:tomcat:9.0.55:*:*:*:*:*:*:*, cpe:2.3:a:apache_tomcat:apache_tomcat:9.0.55:*:*:*:*:*:*:*",CVE-2024-23672,CWE-459 Incomplete Cleanup,"Denial of Service via incomplete cleanup vulnerability in Apache Tomcat. It was possible for WebSocket clients to keep WebSocket connections open leading to increased resource consumption.This issue affects Apache Tomcat: from 11.0.0-M1 through 11.0.0-M16, from 10.1.0-M1 through 10.1.18, from 9.0.0-M1 through 9.0.85, from 8.5.0 through 8.5.98.  Older, EOL versions may also be affected.   Users are recommended to upgrade to version 11.0.0-M17, 10.1.19, 9.0.86 or 8.5.99 which fix the issue.",NVD,"","","",MEDIUM,6.3,CVSS:3.1/AV:N/AC:L/PR:L/UI:N/S:U/C:L/I:L/A:L/E:2.8/RC:R/MAV:A,"","","",HIGH,69,"","","","","","","",""
dependency-check scan: /home/xcesco/projects/log4shell-vulnerable-app,"Sun, 9 Nov 2025 20:36:42 GMT",vulnerable-app-0.0.1-SNAPSHOT.jar: tomcat-embed-core-9.0.55.jar,/src/target/vulnerable-app-0.0.1-SNAPSHOT.jar/BOOT-INF/lib/tomcat-embed-core-9.0.55.jar,Core Tomcat implementation,"Apache License, Version 2.0: http://www.apache.org/licenses/LICENSE-2.0.txt",4d1167dd28079e2967c58a81a3f63d74,6ab68425d34f35e93cf97e1950c2c710161d8ce1,pkg:maven/org.apache.tomcat.embed/tomcat-embed-core@9.0.55,"cpe:2.3:a:apache:tomcat:9.0.55:*:*:*:*:*:*:*, cpe:2.3:a:apache_tomcat:apache_tomcat:9.0.55:*:*:*:*:*:*:*",CVE-2022-34305,CWE-79 Improper Neutralization of Input During Web Page Generation ('Cross-site Scripting'),"In Apache Tomcat 10.1.0-M1 to 10.1.0-M16, 10.0.0-M1 to 10.0.22, 9.0.30 to 9.0.64 and 8.5.50 to 8.5.81 the Form authentication example in the examples web application displayed user provided data without filtering, exposing a XSS vulnerability.",NVD,MEDIUM,4.3,/AV:N/AC:M/Au:N/C:N/I:P/A:N,MEDIUM,6.1,CVSS:3.1/AV:N/AC:L/PR:N/UI:R/S:C/C:L/I:L/A:N/E:2.8/RC:R/MAV:A,"","","",HIGH,69,"","","","","","","",""
dependency-check scan: /home/xcesco/projects/log4shell-vulnerable-app,"Sun, 9 Nov 2025 20:36:42 GMT",vulnerable-app-0.0.1-SNAPSHOT.jar: tomcat-embed-core-9.0.55.jar,/src/target/vulnerable-app-0.0.1-SNAPSHOT.jar/BOOT-INF/lib/tomcat-embed-core-9.0.55.jar,Core Tomcat implementation,"Apache License, Version 2.0: http://www.apache.org/licenses/LICENSE-2.0.txt",4d1167dd28079e2967c58a81a3f63d74,6ab68425d34f35e93cf97e1950c2c710161d8ce1,pkg:maven/org.apache.tomcat.embed/tomcat-embed-core@9.0.55,"cpe:2.3:a:apache:tomcat:9.0.55:*:*:*:*:*:*:*, cpe:2.3:a:apache_tomcat:apache_tomcat:9.0.55:*:*:*:*:*:*:*",CVE-2023-41080,CWE-601 URL Redirection to Untrusted Site ('Open Redirect'),"URL Redirection to Untrusted Site ('Open Redirect') vulnerability in FORM authentication feature Apache Tomcat.This issue affects Apache Tomcat: from 11.0.0-M1 through 11.0.0-M10, from 10.1.0-M1 through 10.0.12, from 9.0.0-M1 through 9.0.79 and from 8.5.0 through 8.5.92. Older, EOL versions may also be affected.   The vulnerability is limited to the ROOT (default) web application.",NVD,"","","",MEDIUM,6.1,CVSS:3.1/AV:N/AC:L/PR:N/UI:R/S:C/C:L/I:L/A:N/E:2.8/RC:R/MAV:A,"","","",HIGH,69,"","","","","","","",""
dependency-check scan: /home/xcesco/projects/log4shell-vulnerable-app,"Sun, 9 Nov 2025 20:36:42 GMT",vulnerable-app-0.0.1-SNAPSHOT.jar: tomcat-embed-core-9.0.55.jar,/src/target/vulnerable-app-0.0.1-SNAPSHOT.jar/BOOT-INF/lib/tomcat-embed-core-9.0.55.jar,Core Tomcat implementation,"Apache License, Version 2.0: http://www.apache.org/licenses/LICENSE-2.0.txt",4d1167dd28079e2967c58a81a3f63d74,6ab68425d34f35e93cf97e1950c2c710161d8ce1,pkg:maven/org.apache.tomcat.embed/tomcat-embed-core@9.0.55,"cpe:2.3:a:apache:tomcat:9.0.55:*:*:*:*:*:*:*, cpe:2.3:a:apache_tomcat:apache_tomcat:9.0.55:*:*:*:*:*:*:*",CVE-2023-42795,CWE-459 Incomplete Cleanup,"Incomplete Cleanup vulnerability in Apache Tomcat.When recycling various internal objects in Apache Tomcat from 11.0.0-M1 through 11.0.0-M11, from 10.1.0-M1 through 10.1.13, from 9.0.0-M1 through 9.0.80 and from 8.5.0 through 8.5.93, an error could  cause Tomcat to skip some parts of the recycling process leading to  information leaking from the current request/response to the next. Older, EOL versions may also be affected.   Users are recommended to upgrade to version 11.0.0-M12 onwards, 10.1.14 onwards, 9.0.81 onwards or 8.5.94 onwards, which fixes the issue.",NVD,"","","",MEDIUM,5.3,CVSS:3.1/AV:N/AC:L/PR:N/UI:N/S:U/C:L/I:N/A:N/E:3.9/RC:R/MAV:A,"","","",HIGH,69,"","","","","","","",""
dependency-check scan: /home/xcesco/projects/log4shell-vulnerable-app,"Sun, 9 Nov 2025 20:36:42 GMT",vulnerable-app-0.0.1-SNAPSHOT.jar: tomcat-embed-core-9.0.55.jar,/src/target/vulnerable-app-0.0.1-SNAPSHOT.jar/BOOT-INF/lib/tomcat-embed-core-9.0.55.jar,Core Tomcat implementation,"Apache License, Version 2.0: http://www.apache.org/licenses/LICENSE-2.0.txt",4d1167dd28079e2967c58a81a3f63d74,6ab68425d34f35e93cf97e1950c2c710161d8ce1,pkg:maven/org.apache.tomcat.embed/tomcat-embed-core@9.0.55,"cpe:2.3:a:apache:tomcat:9.0.55:*:*:*:*:*:*:*, cpe:2.3:a:apache_tomcat:apache_tomcat:9.0.55:*:*:*:*:*:*:*",CVE-2023-45648,"CWE-20 Improper Input Validation, NVD-CWE-Other","Improper Input Validation vulnerability in Apache Tomcat.Tomcat from 11.0.0-M1 through 11.0.0-M11, from 10.1.0-M1 through 10.1.13, from 9.0.0-M1 through 9.0.81 and from 8.5.0 through 8.5.93 did not correctly parse HTTP trailer headers. A specially  crafted, invalid trailer header could cause Tomcat to treat a single  request as multiple requests leading to the possibility of request  smuggling when behind a reverse proxy.  Older, EOL versions may also be affected.   Users are recommended to upgrade to version 11.0.0-M12 onwards, 10.1.14 onwards, 9.0.81 onwards or 8.5.94 onwards, which fix the issue.",NVD,"","","",MEDIUM,5.3,CVSS:3.1/AV:N/AC:L/PR:N/UI:N/S:U/C:N/I:L/A:N/E:3.9/RC:R/MAV:A,"","","",HIGH,69,"","","","","","","",""
dependency-check scan: /home/xcesco/projects/log4shell-vulnerable-app,"Sun, 9 Nov 2025 20:36:42 GMT",vulnerable-app-0.0.1-SNAPSHOT.jar: tomcat-embed-core-9.0.55.jar,/src/target/vulnerable-app-0.0.1-SNAPSHOT.jar/BOOT-INF/lib/tomcat-embed-core-9.0.55.jar,Core Tomcat implementation,"Apache License, Version 2.0: http://www.apache.org/licenses/LICENSE-2.0.txt",4d1167dd28079e2967c58a81a3f63d74,6ab68425d34f35e93cf97e1950c2c710161d8ce1,pkg:maven/org.apache.tomcat.embed/tomcat-embed-core@9.0.55,"cpe:2.3:a:apache:tomcat:9.0.55:*:*:*:*:*:*:*, cpe:2.3:a:apache_tomcat:apache_tomcat:9.0.55:*:*:*:*:*:*:*",CVE-2024-54677,CWE-400 Uncontrolled Resource Consumption,"Uncontrolled Resource Consumption vulnerability in the examples web application provided with Apache Tomcat leads to denial of service.  This issue affects Apache Tomcat: from 11.0.0-M1 through 11.0.1, from 10.1.0-M1 through 10.1.33, from 9.0.0.M1 through 9.9.97. The following versions were EOL at the time the CVE was created but are  known to be affected: 8.5.0 though 8.5.100. Other, older, EOL versions  may also be affected.   Users are recommended to upgrade to version 11.0.2, 10.1.34 or 9.0.98, which fixes the issue.",NVD,"","","",MEDIUM,5.3,CVSS:3.1/AV:N/AC:L/PR:N/UI:N/S:U/C:N/I:N/A:L/E:3.9/RC:R/MAV:A,"","","",HIGH,69,"","","","","","","",""
dependency-check scan: /home/xcesco/projects/log4shell-vulnerable-app,"Sun, 9 Nov 2025 20:36:42 GMT",vulnerable-app-0.0.1-SNAPSHOT.jar: tomcat-embed-core-9.0.55.jar,/src/target/vulnerable-app-0.0.1-SNAPSHOT.jar/BOOT-INF/lib/tomcat-embed-core-9.0.55.jar,Core Tomcat implementation,"Apache License, Version 2.0: http://www.apache.org/licenses/LICENSE-2.0.txt",4d1167dd28079e2967c58a81a3f63d74,6ab68425d34f35e93cf97e1950c2c710161d8ce1,pkg:maven/org.apache.tomcat.embed/tomcat-embed-core@9.0.55,"cpe:2.3:a:apache:tomcat:9.0.55:*:*:*:*:*:*:*, cpe:2.3:a:apache_tomcat:apache_tomcat:9.0.55:*:*:*:*:*:*:*",CVE-2023-28708,CWE-523 Unprotected Transport of Credentials,"When using the RemoteIpFilter with requests received from a    reverse proxy via HTTP that include the X-Forwarded-Proto    header set to https, session cookies created by Apache Tomcat 11.0.0-M1 to 11.0.0.-M2, 10.1.0-M1 to 10.1.5, 9.0.0-M1 to 9.0.71 and 8.5.0 to 8.5.85 did not include the secure attribute. This could result in the user agent transmitting the session cookie over an insecure channel.  Older, EOL versions may also be affected.",NVD,"","","",MEDIUM,4.3,CVSS:3.1/AV:N/AC:L/PR:N/UI:R/S:U/C:L/I:N/A:N/E:2.8/RC:R/MAV:A,"","","",HIGH,69,"","","","","","","",""
dependency-check scan: /home/xcesco/projects/log4shell-vulnerable-app,"Sun, 9 Nov 2025 20:36:42 GMT",vulnerable-app-0.0.1-SNAPSHOT.jar: tomcat-embed-core-9.0.55.jar,/src/target/vulnerable-app-0.0.1-SNAPSHOT.jar/BOOT-INF/lib/tomcat-embed-core-9.0.55.jar,Core Tomcat implementation,"Apache License, Version 2.0: http://www.apache.org/licenses/LICENSE-2.0.txt",4d1167dd28079e2967c58a81a3f63d74,6ab68425d34f35e93cf97e1950c2c710161d8ce1,pkg:maven/org.apache.tomcat.embed/tomcat-embed-core@9.0.55,"cpe:2.3:a:apache:tomcat:9.0.55:*:*:*:*:*:*:*, cpe:2.3:a:apache_tomcat:apache_tomcat:9.0.55:*:*:*:*:*:*:*",CVE-2021-43980,CWE-362 Concurrent Execution using Shared Resource with Improper Synchronization ('Race Condition'),"The simplified implementation of blocking reads and writes introduced in Tomcat 10 and back-ported to Tomcat 9.0.47 onwards exposed a long standing (but extremely hard to trigger) concurrency bug in Apache Tomcat 10.1.0 to 10.1.0-M12, 10.0.0-M1 to 10.0.18, 9.0.0-M1 to 9.0.60 and 8.5.0 to 8.5.77 that could cause client connections to share an Http11Processor instance resulting in responses, or part responses, to be received by the wrong client.",NVD,"","","",LOW,3.7,CVSS:3.1/AV:N/AC:H/PR:N/UI:N/S:U/C:L/I:N/A:N/E:2.2/RC:R/MAV:A,"","","",HIGH,69,"","","","","","","",""
